Data Index,Without Transfer Learning,,,After Transfer Learning,,
,CNN,ResNet,ConcateNet,CNN,ResNet,ConcateNet
23465241,0.563075,0.639542,0.611681,0.709863,0.695899,0.616961
79100191,1.18552,1.11045,1.07366,1.01164,1.0426,1.09427
82353319,1.0342,0.920003,0.884163,0.779505,0.899712,0.753437
97517064,0.927264,0.894593,0.904778,0.817496,0.877931,0.82744
461472967,0.876988,0.726772,0.779584,0.881295,0.82716,0.831158
537406510,0.656773,0.698377,0.706291,0.731243,0.752765,0.722127
710327174,1.16118,1.11328,1.18379,1.15166,1.12992,1.10345
912814644,0.814314,0.91615,0.929636,0.929386,0.951847,1.05847
1058516282,1.39695,1.26421,1.44546,1.20724,1.25364,1.36728
1075095183,0.830869,0.870696,0.824361,0.808263,0.822254,0.709937
1145877671,1.00738,0.927546,0.814949,0.828903,0.874896,0.780835
1249150694,1.35521,1.20755,1.28939,1.13807,1.21947,1.14939
1323363881,0.889889,0.966118,1.00713,0.886081,0.951218,0.900143
1345364144,0.904064,0.890418,0.907305,0.966016,0.98769,0.793916
1487764063,1.38208,1.26116,1.34514,1.14325,1.22126,1.31407
1547053659,1.32829,1.14558,1.18774,1.16236,1.12396,1.24217
1679092813,1.00473,0.96349,0.964758,1.02933,0.995467,0.921372
1728329382,1.03857,1.00269,0.941442,0.809261,0.842188,0.827891
1794066918,1.12664,1.10952,1.41598,1.1496,1.1352,1.14729
1970472888,0.978517,1.03808,1.11541,0.986104,1.00649,1.06487
2008002280,1.24305,1.25132,1.43299,1.14445,1.19815,1.28435
2122713714,1.11006,1.05189,0.967303,0.840446,0.916108,0.970568
2193706495,0.946743,0.969313,0.972223,0.902638,0.95643,0.842674
2280071590,1.09157,1.06453,1.01629,0.812027,0.973251,1.07069
2309238164,0.777386,0.838897,0.978611,0.786744,0.910369,0.803777
2367116795,1.1234,0.998903,1.13075,0.943369,1.1177,1.05283
2454087965,0.886649,0.887269,0.883562,0.762216,0.779842,0.793737
2457596447,1.15443,1.08578,1.11349,1.05067,1.09617,1.09832
2500154141,1.2692,1.10571,1.08466,1.04243,1.06228,0.979625
2512591568,1.02311,1.16621,0.96971,0.901611,0.991021,1.03952
2558744628,0.862774,0.738316,0.790822,0.770193,0.838981,0.781413
2873839219,1.46432,1.2972,1.45172,1.15693,1.23737,1.21955
2981770585,1.16677,1.08789,1.21018,0.969837,1.10516,1.1254
3035035010,0.982346,1.09043,0.972826,0.924075,0.990186,0.933052
3095888618,0.899985,0.924061,0.897247,0.808517,0.967359,0.904952
3172873928,1.02336,0.909143,0.931149,0.857973,0.900556,0.959234
3174259631,1.44555,1.36677,1.47196,1.2536,1.28278,1.28614
3185234730,1.26921,1.33827,1.45031,1.19853,1.20681,1.21182
3403853036,1.27889,1.06603,1.08818,0.967403,1.13259,1.06655
3410678405,1.46022,1.16712,1.15123,1.03661,1.14263,1.10836
3412226542,1.25981,1.09254,1.2732,0.981062,1.12187,1.04674
3527500473,0.870311,0.943797,0.864095,0.917792,0.884633,0.812707
3578765457,0.999264,1.00193,1.02027,0.800158,0.937982,0.958004
3693973825,0.948186,0.946388,0.967001,0.86037,0.931651,0.937051
3701432204,1.34276,1.18735,1.32908,1.171,1.10491,1.19615
3707424008,0.839135,0.942374,0.992162,0.953507,1.03859,1.10111
3753225339,1.33368,1.34093,1.45414,1.18477,1.21802,1.34028
3765263289,1.16963,1.26498,1.22291,1.01835,1.19466,1.21714
3777794715,0.951809,0.833954,0.801052,0.854322,0.854395,0.857218
3846652360,1.10697,0.909708,1.05195,0.976448,1.05613,0.958059
4108019057,1.13261,1.16864,1.32155,1.12082,1.12401,1.17827
4155245014,1.05583,1.06883,1.00488,0.936868,1.02701,1.10109
4164837851,1.31112,1.1757,1.26009,1.16473,1.09702,1.10932
4193876194,1.09059,0.956309,0.903561,0.938666,1.06265,1.11594
4232478540,1.28541,1.17945,1.41827,1.18143,1.13141,1.13949
4263715230,1.17869,1.14587,1.19662,0.994913,1.09599,1.02568
4357124274,0.930204,0.959029,0.809761,0.758924,0.837129,0.79505
4369965811,1.04795,0.982476,0.991827,0.906796,0.984128,0.94175
4600511998,1.28326,1.34285,1.08027,1.01555,1.11967,1.12932
4619505980,1.05963,0.847639,1.01598,0.951728,0.869027,0.956624
4672427569,1.01546,0.966118,0.945774,0.896011,0.944519,0.976562
4857390658,1.00022,0.945698,0.948822,0.919241,0.925802,0.785422
4909695005,0.745614,0.695244,0.755996,0.76852,0.745739,0.706526
4910200089,0.949419,0.83917,0.796367,0.881053,0.985853,1.03285
4951344965,1.06217,1.0127,1.02894,0.950178,1.01785,1.07561
5220391340,1.12145,0.946949,0.917414,0.897107,1.06496,1.06757
5220437497,1.15018,1.13077,1.14083,1.00658,1.08695,1.1537
5315232221,0.863367,0.987202,0.891739,0.904345,0.896969,0.897872
5364864586,1.31014,1.07771,1.27484,1.09237,1.11962,1.11556
5574920478,0.724131,0.695175,0.571025,0.741254,0.715528,0.637142
5639890594,1.00963,1.02539,1.02189,0.889208,0.934427,0.808899
5675729051,0.688964,0.685567,0.568944,0.702291,0.723126,0.629652
5701149976,1.14551,1.16885,1.19364,0.980758,1.15623,1.14713
5760161345,1.16252,1.00252,1.00494,0.877561,0.996079,0.999654
5903188396,1.37038,1.32487,1.37748,0.988417,1.18336,1.24139
5925991886,1.29434,1.16576,1.15255,0.949834,1.0147,1.10169
5955679821,1.04917,1.07839,1.01902,0.977802,1.05037,1.0989
6083560808,1.37934,1.30963,1.41511,1.06646,1.18047,1.25479
6093070226,1.12395,1.0945,1.00986,1.00822,1.0901,1.04755
6177307363,1.00874,1.07704,0.978553,1.03155,0.979049,0.969169
6181363653,1.02675,0.954911,1.00841,0.990774,0.973533,1.08903
6208580618,1.00951,0.99045,0.794403,0.846422,0.876589,0.855211
6287745053,0.982602,0.94737,0.940479,0.946359,1.03184,1.00542
6332340735,1.56615,1.3557,1.6392,1.30727,1.35782,1.41824
6447263269,0.852125,0.929263,0.963791,0.914599,0.923065,0.837964
6475390942,1.40677,1.22593,1.33409,1.17239,1.16125,1.24955
6478761788,0.722604,0.811401,0.922173,0.841157,0.881621,0.828302
6647236852,0.928559,0.966118,0.862797,0.84641,0.910208,0.843568
6770156122,1.34015,1.00627,1.12572,0.96029,1.06098,0.892373
6887171882,1.05144,1.16231,1.03015,0.992675,1.07295,0.960699
6913613978,0.90839,0.852451,0.757751,0.777213,0.907861,0.783765
6923522527,1.1592,1.09645,1.18971,0.927197,1.04258,1.13453
6977355863,1.00374,0.961183,0.964368,0.84339,0.885782,0.902479
6986667646,0.989046,0.998232,1.01614,0.930763,0.964413,1.02065
7147621091,1.02408,0.906576,0.935704,0.888428,0.879256,0.935783
7204979341,0.905554,0.985158,0.895228,0.801579,0.957771,0.863188
7220271080,1.42229,1.38215,1.40246,1.18473,1.24709,1.28099
7270402022,1.13178,1.07903,1.18796,1.11961,1.18112,1.20613
7278795774,1.50044,1.22657,1.5136,1.26585,1.26257,1.31931
7299131717,1.16298,1.09601,1.12135,0.953214,1.08897,1.08096
7405830458,1.02003,0.947213,1.02103,0.867541,0.968844,1.06352
7549639075,1.08532,1.04729,0.993201,0.943237,0.992293,1.03785
7583433572,0.693433,0.708177,0.696463,0.725559,0.734734,0.618489
7636054944,0.987604,1.00247,0.966593,0.931244,1.00108,0.968741
7641795237,1.12586,1.01177,1.00536,0.905562,1.07176,0.970988
7945750096,1.07675,0.993714,1.07997,0.894621,0.982916,0.98192
7979603558,1.00283,1.20239,1.20166,1.13265,1.08445,1.14307
8068879622,1.0045,0.966118,0.964793,0.942601,0.971474,0.881291
8119563589,1.53589,1.31338,1.40343,1.07831,1.22911,1.24763
8191860543,1.31382,1.23943,1.43558,1.11029,1.14276,1.18302
8192360932,1.12529,0.972382,1.03816,0.944403,0.874453,0.972745
8204847724,0.851728,0.89675,0.770259,0.847365,0.800653,0.792409
8288367048,1.19113,0.903239,1.0179,0.97712,0.951586,1.02191
8305406502,1.09597,1.17027,1.02643,1.09013,1.09494,1.23818
8360305435,1.17073,1.13916,1.09181,1.00234,1.07039,1.09392
8385186240,1.1883,1.07175,1.00974,1.00403,1.00468,0.983548
8474412724,1.1376,1.10072,1.0825,0.970031,1.07471,1.12112
8626784274,0.64337,0.610544,0.648153,0.692574,0.695895,0.5961
8634917522,0.997571,0.93735,0.807887,0.909523,0.911368,0.812576
8745655346,0.631278,0.660119,0.61196,0.744318,0.656259,0.640022
8788422611,1.37018,1.24253,1.28075,1.10945,1.15929,1.25165
8797082618,0.890837,0.737426,0.702227,0.771337,0.72812,0.758836
8905836425,0.843951,0.843029,0.75147,0.736474,0.87775,0.807489
8927086793,0.742415,0.702315,0.806368,0.77854,0.749902,0.743562
8943939613,1.20396,0.953593,1.09544,0.98666,1.04699,0.93843
9069135710,0.944213,0.868091,0.923646,0.990568,0.873917,0.900677
9076671668,0.982376,0.815033,0.985082,0.859519,0.906907,0.803848
9151442009,1.23355,1.13926,1.1693,1.02033,1.0612,1.10773
9174315467,1.26816,1.2088,1.17204,1.11542,1.06254,1.12373
9193326029,1.18983,1.1481,1.26195,1.03999,1.08351,1.06827
9229252813,1.29543,1.05399,1.22405,1.11945,1.04298,1.11303
9350560215,1.24829,1.04048,1.08125,1.03734,1.10183,1.11883
9365952712,0.882167,0.745962,0.83091,0.852079,0.764635,0.755585
9527884818,1.01011,1.13948,1.06066,0.970096,1.05328,1.09547
9533084431,1.03263,0.971474,0.951619,0.9433,0.920297,1.07902
9543362620,1.13155,0.955312,0.915435,0.956447,0.934967,0.834459
9760038210,1.12934,1.10064,1.00717,0.993492,1.05616,1.13375
9760991611,0.976058,1.14834,0.922934,0.997943,0.931125,1.12404
9771027239,0.898264,0.783695,0.732078,0.807992,0.795252,0.813946
9793166380,1.50715,1.24757,1.43846,1.20626,1.17362,1.2343
9961217955,1.30133,1.19328,1.09814,1.06295,1.08886,1.11406
10068424310,1.4903,1.27458,1.45884,1.116,1.2606,1.26331
10202438778,1.00731,0.826847,0.787153,0.840642,0.79833,0.805611
10298674872,1.05473,1.12562,1.16903,1.04159,1.11156,1.11335
10307732835,0.970047,1.00367,0.901122,0.831697,0.953327,1.01497
10434745148,0.996344,0.987821,1.06639,0.981349,1.06506,1.09409
10441723928,0.532648,0.61266,0.548466,0.752409,0.632192,0.585889
10461441733,1.3504,1.14358,1.24106,1.11364,1.17215,1.25297
10479764006,0.914296,0.950522,1.00405,0.826816,0.890952,0.950296
10494921047,1.11935,1.13376,1.16162,0.989693,1.05963,0.982383
10554650470,1.18691,1.08045,1.15385,1.06682,1.06398,1.15984
10593756725,1.56443,1.4135,1.59046,1.20617,1.35063,1.38309
10634500559,1.40466,1.17905,1.47194,1.14206,1.18519,1.27441
10639752274,1.2489,1.17252,1.09689,1.08187,1.17881,1.14208
10754725183,0.699042,0.789416,0.689023,0.766441,0.736298,0.726249
11103182891,1.19902,1.11216,1.08139,1.06791,1.05095,1.11295
11263006709,1.56365,1.52107,1.63046,1.30418,1.39417,1.45343
11493576277,0.930308,0.787631,0.772738,0.953632,0.864492,0.836087
11539865649,0.979427,1.00799,1.01237,0.959183,0.901662,1.01892
11612906405,1.40108,1.30662,1.43216,1.18399,1.26536,1.29164
11666304057,1.34198,1.25957,1.41939,1.03734,1.19953,1.24461
11711999598,1.47768,1.36329,1.5242,1.21022,1.2212,1.33601
11730967723,1.36206,1.18972,1.16921,1.00029,1.12379,1.15973
11759350299,1.29999,1.32397,1.39591,1.05322,1.2464,1.34123
12026577682,0.988233,0.886393,0.788507,0.853877,0.836409,0.813174
12071883834,1.28748,1.1995,1.39972,1.08876,1.19875,1.16134
12170737106,1.31573,1.3214,1.33136,1.08043,1.1866,1.27471
12284718916,1.14272,1.07103,1.20313,0.930085,1.09554,1.10417
12299078939,1.13916,1.08745,1.15239,0.963959,1.08147,1.12574
12299582431,1.41106,1.18809,1.43591,1.10811,1.18476,1.33118
12505602508,1.13067,1.01981,1.10672,1.00638,1.0007,1.08452
12522578911,1.64009,1.46311,1.62084,1.28907,1.36249,1.39859
12610790668,1.20831,1.13545,1.21936,0.935072,1.0555,1.19906
12657722056,1.09424,1.09848,1.06552,0.916497,1.01671,0.945273
12674185256,1.12504,1.04116,1.03857,0.990589,1.08016,1.05367
12700480943,1.48198,1.40946,1.48425,1.25443,1.28355,1.31454
12766585196,1.28751,1.25131,1.22326,1.04669,1.07153,1.13469
12925588917,1.01468,0.879833,0.8885,1.02297,1.01433,1.07312
12984889874,0.935046,0.825513,0.804948,0.837982,0.897729,0.941378
12992940915,0.948275,0.855252,0.782614,0.796479,0.866777,0.742032
13000328001,0.904357,0.946436,0.928265,0.795278,0.893539,0.834361
13124488382,1.30673,1.25915,1.24742,1.07871,1.10066,1.19431
13229213749,1.13182,1.05741,1.12811,0.978774,0.955629,1.03642
13315493891,0.888095,0.887409,0.94887,0.816838,0.835401,0.785629
13384100184,1.04041,0.985887,1.00659,0.944505,0.942422,0.864379
13405213720,0.969444,0.815011,0.89884,0.811484,1.00286,0.853739
13486123317,1.40951,1.28038,1.40976,1.16791,1.18546,1.23369
13514248089,1.04276,0.96946,1.00044,1.06462,0.947885,1.08297
13541433927,1.14554,1.17272,1.04067,1.00944,1.06684,1.12078
13593387870,1.28338,1.16377,1.27318,0.937526,1.1388,1.13221
13614593037,1.15078,1.13048,1.00981,1.05612,1.07079,1.10263
13618118215,1.50504,1.29218,1.50957,1.15625,1.1888,1.27116
13998080299,0.974868,0.857924,0.834587,0.937539,0.991141,0.865384
14121451913,0.918824,0.79187,0.710854,0.846257,0.851415,0.854517
14133695645,1.177,1.07379,0.943553,0.961946,1.09825,1.08703
14133845577,1.08329,1.15366,1.05474,1.00454,1.04683,0.960133
14154529742,1.39244,1.26937,1.3017,1.00773,1.24573,1.27015
14209570067,1.2222,1.0068,1.08958,0.966294,1.07253,1.10384
14275139754,1.39607,1.18235,1.36686,1.18717,1.20892,1.21789
14317427037,1.06089,0.935089,0.915452,0.852083,1.08012,1.07882
14325355527,1.19481,1.09706,1.21631,1.05462,1.0707,1.12435
14325964704,1.28803,1.21518,1.23813,1.1337,1.14757,1.07471
14390207884,1.02232,1.13418,1.21026,0.893481,1.11345,1.09146
14441098334,0.833531,0.959567,0.900396,0.843798,0.922482,0.978296
14609866214,1.47581,1.33315,1.41597,1.21348,1.24079,1.17552
14682643705,1.17581,1.12558,1.27011,1.1268,1.1048,1.13215
14844706938,0.974729,0.934059,0.97361,0.879108,0.935722,1.01484
14967211614,1.35007,1.12165,1.10734,0.93264,1.1236,1.00194
14988317855,1.40788,1.31058,1.57044,1.23902,1.31991,1.36358
15139594949,1.07378,0.922862,0.918508,0.84157,0.906026,0.944576
15164800601,1.37712,1.17419,1.28945,1.09453,1.13195,1.09595
15199680193,1.3631,1.10538,1.13234,1.07237,1.14218,1.08738
15205265264,1.24537,1.19096,1.18498,1.05691,1.16205,1.02321
15380239458,1.42414,1.35847,1.4763,1.1558,1.23545,1.29791
15395913726,1.7326,1.51783,1.64319,1.41989,1.4832,1.49708
15404948299,1.17962,1.18716,1.09798,0.973854,1.09301,1.11708
15543499059,1.36241,1.36126,1.40674,1.21249,1.23778,1.25563
15648306345,1.3057,1.22299,1.15984,1.01398,1.1408,1.08053
15657247480,1.34147,1.24758,1.37976,1.02492,1.13336,1.19032
15669987177,1.00696,1.01458,0.950854,1.04898,1.00599,0.988426
15714047275,1.05987,1.07074,1.07565,0.86891,1.02551,1.02242
15715291205,0.978863,0.837919,0.787056,0.827475,0.812287,0.822388
15797651172,0.955121,1.14753,0.852022,0.871471,0.847362,0.849926
15831803928,1.12069,1.06281,1.0893,0.905982,1.02048,0.992962
15839025847,1.42229,1.1943,1.18587,1.0895,1.10113,1.13904
15890541865,0.934377,1.09525,1.02835,0.949627,0.860359,1.12011
15915045152,0.997268,0.964549,0.835386,0.828987,0.899254,0.815983
15959421313,1.10015,0.934854,1.01922,0.970693,1.01093,1.08442
16010369180,1.18262,1.13292,1.03446,0.993096,1.00305,1.10783
16056521968,1.24781,1.21592,1.16863,0.982855,1.11494,1.1351
16088466777,1.23572,1.26008,1.24713,1.15235,1.20456,1.15176
16137182774,1.32784,1.27085,1.36691,1.16667,1.17366,1.23428
16174281579,1.36568,1.17015,1.14607,1.05802,1.10321,1.20553
16248372162,1.11175,1.10127,1.11868,1.04702,1.16924,1.11802
16312149730,1.14789,1.09934,1.21361,1.05095,1.15944,1.19913
16488002319,1.23238,1.19851,1.33023,1.02671,1.03658,1.10414
16489412019,1.33674,1.19204,1.36018,1.1377,1.28129,1.24619
16554865445,1.43742,1.23024,1.42318,1.20871,1.20059,1.26628
16595873428,1.18094,1.23368,1.24237,1.01504,1.16944,1.12737
16920667233,1.19455,0.966118,1.06844,1.04814,0.98564,1.00072
17085652128,0.769513,1.04527,0.828026,0.888079,0.876969,0.859058
17251464322,0.654624,0.740521,0.632211,0.675742,0.724515,0.624168
17530002975,1.13928,1.11347,1.02937,0.967743,1.04829,1.08862
17550043218,1.02933,0.966118,0.897894,0.89747,0.925978,1.07026
17646100969,1.24855,1.08002,1.11961,0.994494,1.05207,1.06291
17649591248,1.23924,1.10798,1.20238,1.10297,1.0994,1.12716
17703081244,1.11701,1.09534,1.17369,0.99354,1.07815,1.0439
17719053927,0.810227,0.772863,0.837924,0.830572,0.762791,0.749272
17769637119,1.16595,1.18564,1.17382,1.00817,1.05828,0.930316
17876010914,1.20325,1.25928,1.40638,1.0154,1.14019,1.19516
17917091781,1.25908,1.19404,1.23409,0.964788,1.15271,1.1578
17995650810,1.33962,1.25854,1.46799,1.17401,1.24063,1.22553
18014489159,1.33747,1.16711,1.31773,1.05627,1.05882,1.16332
18019054159,0.99894,0.929889,0.981824,0.872581,0.936452,1.01166
18037641909,1.08759,1.07461,1.18449,0.916138,0.994951,1.0178
18070750856,0.847818,0.987147,0.969094,0.824061,0.976162,0.802311
18128398419,1.00051,0.950031,0.916932,0.867049,0.886274,0.853808
18130537331,0.999225,1.01404,1.04403,0.914277,0.953464,0.943807
18195476287,1.19527,1.20315,1.35738,1.09023,1.16132,1.22941
18201906152,1.11804,1.25859,1.1872,1.01345,1.13449,1.10661
18229965462,1.26453,1.1573,1.27633,1.05517,1.14534,1.16053
18291670619,1.22247,1.1591,1.00328,0.954622,1.06475,1.0209
18311781509,1.30654,1.25785,1.30927,1.11491,1.13297,0.923172
18422042415,1.24626,1.10015,1.1065,0.966349,0.972249,0.906069
18489300423,0.998956,1.03838,1.01849,0.925618,0.887408,0.980504
18546264211,0.985391,0.887692,0.953368,0.899583,0.913846,0.854357
18990305685,1.36728,1.19637,1.30597,1.05184,1.11871,1.13239
19157892017,1.29011,1.21683,1.30575,0.960997,1.09049,1.11349
19310537416,1.45995,1.31909,1.54295,1.19784,1.29327,1.23164
19581629988,1.07763,0.898671,0.989687,0.884872,0.946956,1.07606
19592478558,1.44816,1.29716,1.50956,1.21185,1.2229,1.39254
19696403298,1.36073,1.28132,1.3326,1.10713,1.22046,1.25948
19751851544,1.1757,1.10784,1.01137,0.926297,1.01544,0.964577
19756724119,1.19941,1.16972,1.3118,0.954686,1.17666,1.21808
19789627178,1.2349,1.14577,1.27055,1.17945,1.1871,1.15277
19958930525,1.29628,1.2308,1.35072,1.06476,1.15396,1.14452
20201674434,1.13905,1.11469,1.11844,0.979123,1.08856,1.08123
20213740268,1.06462,1.11808,1.05881,1.02833,1.09268,0.867469
20307103725,1.28519,1.2977,1.44526,1.22223,1.20995,1.27348
20363010755,1.17808,1.22075,1.31082,1.007,1.19065,1.1483
20447850326,1.02499,1.03283,0.967241,0.994836,1.01492,0.917223
20611513160,0.973043,0.940348,0.85157,0.903888,0.903045,0.839894
20701490221,1.18369,1.15304,1.09352,0.933455,1.10688,1.12073
20705595193,0.877712,0.977358,0.897325,0.825992,0.847216,0.861011
20734506333,1.27625,1.18014,1.50248,1.17838,1.16808,1.24692
20914700306,0.859741,0.77593,0.74618,0.767699,0.81463,0.806693
21052175545,1.51993,1.40393,1.55843,1.25031,1.30124,1.38338
21122092510,1.41861,1.40558,1.58916,1.213,1.2792,1.42652
21259692530,1.44661,1.27375,1.30588,1.20162,1.18776,1.22392
21379291754,1.38274,1.2849,1.29167,1.15599,1.1723,1.24235
21430852371,1.24847,1.04549,1.05324,1.03342,1.07862,1.05222
21467026023,1.31449,1.14713,1.23727,1.07432,1.18711,1.24415
21489878343,1.07706,0.919801,1.07199,1.06548,0.943578,1.01025
21538676256,1.0044,1.0589,1.00716,1.02745,1.03889,1.09752
21702396806,0.871575,0.770633,0.729807,0.792544,0.786001,0.809188
21744835332,1.04419,0.914051,1.01679,0.915896,0.934783,0.845144
21819848329,0.844673,0.915129,0.891076,0.793584,0.81259,0.8138
21859990421,1.43242,1.32144,1.46015,1.1293,1.22821,1.27364
21888819579,1.34366,1.18937,1.40479,1.07996,1.19759,1.18302
21906278130,1.15444,1.10632,1.22075,0.986825,1.10393,1.13516
21962726607,1.25924,1.21042,1.21629,1.07544,1.16472,1.05385
22054899909,0.906126,0.81271,0.808135,0.798964,0.835276,0.756145
22122667619,1.25672,1.18341,1.17155,1.02872,1.05944,1.07262
22159309883,1.40129,1.27638,1.32826,1.13419,1.1674,1.08285
22209191610,1.61468,1.38334,1.55977,1.22493,1.33306,1.37698
22275707426,1.06935,1.11471,1.16417,0.948167,1.1686,1.15732
22343841253,1.40059,1.43936,1.45273,1.16913,1.27657,1.28211
22354376652,1.07508,1.12481,1.19081,0.97572,1.09176,1.08893
22389235922,1.0459,0.966118,1.02133,0.863357,0.930184,0.906453
22405447457,1.42665,1.37559,1.44923,1.19732,1.27704,1.2649
22523149497,1.38195,1.35165,1.54607,1.17482,1.22929,1.37324
22611538879,1.38399,1.29977,1.39725,1.12969,1.16291,1.08572
22706537655,1.4901,1.36941,1.42316,1.20369,1.22725,1.19182
22724298652,1.28623,1.255,1.13827,0.956878,1.18378,1.16156
22734395566,1.18324,1.1606,1.33846,1.04229,1.17516,1.13085
22821245899,0.942832,0.840084,0.888919,0.812024,0.877332,0.788578
22854133159,0.882819,1.30458,0.934631,0.881536,1.05366,1.09069
22879207130,1.50674,1.39714,1.5699,1.19417,1.34555,1.31128
22929502840,1.22145,1.15385,1.22454,0.955508,0.938233,0.987971
22963510289,1.09596,1.06941,1.0654,0.979069,1.03051,0.931814
23042419260,1.40383,1.41531,1.57371,1.10527,1.31983,1.2914
23126366618,1.0823,1.10565,0.919294,0.921989,1.10512,1.10801
23166891802,1.14093,1.27336,1.19695,1.06081,1.06723,1.18587
23198586578,1.49181,1.36311,1.5716,1.27491,1.3179,1.36288
23329809849,1.62507,1.42768,1.51627,1.22328,1.28005,1.38005
23477604120,1.21602,1.19816,1.3313,0.950975,1.08959,1.12056
23527728005,1.33008,1.21379,1.30302,1.076,1.18211,1.17821
23631047873,0.681993,0.725585,0.711709,0.775217,0.735838,0.693418
23823788655,0.872441,0.805182,0.714666,0.816128,0.801166,0.801488
23838456072,1.24407,0.948763,1.11345,0.935578,1.0374,1.01318
23875733272,1.12032,1.15001,1.10958,0.816529,1.02271,0.850226
23884632776,1.08974,0.965743,1.02465,0.976116,1.00551,1.00491
23968309605,1.08743,0.986889,0.967591,0.891369,0.971907,0.97443
24052773423,1.10153,0.829935,0.840521,0.854309,0.996143,0.933176
24066798777,0.944973,1.05654,0.989164,0.896511,1.01676,0.961789
24105194487,1.18124,1.18005,1.24199,0.96779,1.1047,1.13662
24267720687,1.24973,1.17487,1.26564,1.08849,1.20462,1.2878
24268872324,1.18703,1.09447,1.24175,1.04328,1.05353,1.06957
24358012494,1.37617,1.45031,1.39579,1.21814,1.23893,1.33431
24400475663,1.09871,1.28409,1.1918,1.11766,1.25419,1.11005
24423393599,1.65511,1.5186,1.64159,1.38984,1.43571,1.51706
24498742189,1.35641,1.39213,1.34103,1.16833,1.28626,1.28182
24499107481,1.37881,1.28071,1.30645,1.12156,1.15933,1.17696
24685974769,1.26863,1.08028,1.08215,0.972866,1.1234,1.08902
24711958042,0.999233,1.07321,1.00424,0.914679,1.01031,0.968165
24713923118,0.72241,0.681183,0.638482,0.731963,0.700732,0.641716
24764505018,1.08349,1.05088,0.977078,0.904179,0.920767,0.90951
24769859439,1.43987,1.38476,1.42521,1.23969,1.24545,1.27143
24782756562,1.39208,1.28868,1.36423,0.970125,1.23691,1.16449
24908012248,1.18885,1.07998,1.18391,0.967565,1.04045,1.00575
25233098268,0.779439,0.928935,0.77652,0.752876,0.790312,0.77854
25239695978,1.39382,1.33586,1.37766,1.17375,1.215,1.28283
25264916279,1.16126,1.16233,1.11459,0.94645,1.14521,0.984274
25351752019,1.23119,1.26583,1.12993,1.08337,1.1697,1.1308
25371148737,1.06331,1.03343,1.06051,0.921973,0.965301,0.939795
25671109423,1.49995,1.32457,1.41982,1.17993,1.25865,1.34878
25690616072,1.57237,1.30992,1.43309,1.15712,1.26333,1.24133
25750731940,1.5997,1.54679,1.63675,1.38061,1.42978,1.49265
25817367334,1.04819,1.00924,1.0711,0.920675,0.923803,1.04621
25839287248,0.986237,0.878774,0.937705,0.804012,0.978868,0.886941
25857229464,0.810188,0.793488,0.853474,0.816047,0.841216,0.776513
25880516361,1.12641,0.983412,1.18244,1.01506,1.01958,1.00909
25988753505,0.993279,0.962867,0.953811,0.890179,1.04645,1.0201
26017838764,1.22257,1.17713,1.12868,0.910266,1.09809,1.03556
26205842916,1.30816,1.23817,1.37421,0.99639,1.21141,1.0882
26379249466,0.995592,1.17691,1.0091,0.935752,1.0783,1.15444
26427235846,1.10327,1.11525,1.08578,0.991886,1.02679,0.954013
26578714160,1.04581,1.03662,0.98952,0.858298,0.908716,0.990637
26782649078,1.36926,1.36889,1.53841,1.22153,1.25563,1.33432
26795830811,1.44726,1.34318,1.4986,1.1555,1.28514,1.24435
26800933714,1.17332,1.09086,1.25756,0.952624,1.12422,1.19107
26802417982,1.10295,1.05481,1.11403,0.937036,1.02056,0.968468
26846468793,0.948764,0.775936,0.839208,0.829806,0.867033,0.896589
26865041218,1.00517,1.08964,0.863087,0.984852,0.980971,0.913415
26881890888,0.924281,0.790827,0.766535,0.78386,0.778703,0.745617
26985078690,1.03799,1.00818,1.06005,0.994608,1.03121,1.08636
27035032944,1.07754,0.981668,1.0454,0.932182,0.98951,1.00394
27067463008,0.98141,0.83141,0.881936,0.921642,0.879469,1.01596
27112217182,0.840212,0.867509,0.771189,0.805725,0.821572,0.80955
27124091273,1.10345,1.03953,1.06795,0.969535,1.07463,1.02368
27179598768,1.14487,1.02249,1.06956,0.927161,0.990659,1.02129
27213376477,1.42297,1.31385,1.37814,1.18783,1.26634,1.22272
27232858523,1.15525,0.970992,0.975936,0.8956,1.05083,1.1177
27267305577,0.971697,0.983444,0.948868,0.823163,0.817634,0.80343
27267841626,1.33858,1.23129,1.16289,1.13529,1.17435,1.15179
27359345740,1.35764,1.19187,1.35891,1.19564,1.15738,1.07888
27390861718,1.05404,0.994211,1.0083,0.968997,0.976798,1.05495
27420443593,1.15252,0.976451,1.12345,0.978366,0.962946,0.834523
27436785106,1.14798,0.956799,0.881823,0.947078,0.896425,1.07115
27472854509,1.39244,1.21696,1.33554,1.17158,1.17902,1.23151
27583094630,1.02967,1.07928,1.1367,0.993001,1.0831,1.08187
27655023085,1.41381,1.19013,1.46627,1.06606,1.15031,1.22232
27663327229,1.59172,1.39328,1.62458,1.32107,1.35547,1.45323
27728404368,1.42531,1.39001,1.59294,1.18912,1.26609,1.37231
27737150583,1.18644,1.09515,1.16831,1.05207,1.16311,1.08994
27756631324,0.931411,0.812134,0.860423,0.826843,0.889846,0.804851
27760563947,1.60052,1.3911,1.54295,1.26919,1.35181,1.34305
27925762040,0.919075,0.801575,0.764685,0.791156,0.807244,0.759757
27953486186,0.98742,0.973467,0.828926,0.773301,0.864514,0.799503
27965723520,0.956948,1.00899,1.02297,0.933742,0.900298,0.966079
27990708913,1.13513,1.07806,0.866224,0.923493,1.12059,0.895639
28000404211,1.07206,1.09425,1.01745,0.968762,1.07777,1.06346
28087014026,0.982864,0.971276,0.822676,0.875258,0.868532,0.944036
28410507046,1.31763,1.25096,1.33756,0.982306,1.24154,1.27794
28442063659,1.38455,1.30043,1.52477,1.21916,1.28329,1.27124
28443042975,1.19911,1.19521,1.30848,1.12981,1.21195,1.23549
28485772029,1.1607,1.15999,1.17707,0.994705,1.19029,1.15997
28525000440,1.33191,1.2433,1.32052,1.07663,1.19143,1.06235
28598200666,1.25309,1.22857,1.34614,1.10835,1.18216,1.24067
28642241453,1.47745,1.31825,1.53712,1.2257,1.31362,1.30221
28767719535,1.43133,1.10125,1.38363,1.14974,1.20529,1.09844
28796779564,1.49589,1.37644,1.5134,1.18951,1.26495,1.32657
28938613803,1.23343,1.04529,1.16134,0.988434,1.09513,0.971237
29057042227,1.26834,1.20969,1.38476,1.19545,1.20242,1.24731
29099463078,1.36589,1.32773,1.35586,1.15809,1.23747,1.18381
29152637680,0.975571,0.84146,0.825129,0.837441,0.840829,1.00254
29158326633,1.27457,1.05762,1.02132,1.03623,1.10772,1.00055
29161044046,1.06222,0.961796,1.06829,1.08583,0.965963,0.904369
29305801369,1.17731,1.25431,1.06136,0.863393,1.08124,0.994358
29429321619,1.35421,1.29648,1.36977,1.19746,1.29845,1.26754
29497048189,1.48415,1.22497,1.47328,1.19787,1.23243,1.30943
29501442239,1.31658,1.22044,1.28305,1.00039,1.14239,1.23243
29505105243,1.62946,1.48705,1.53901,1.28996,1.36886,1.39217
29507960409,1.45641,1.29487,1.45191,1.22356,1.26848,1.29862
29519444967,1.69325,1.42755,1.64438,1.48598,1.5233,1.53703
29543974382,1.2332,1.28861,1.45126,1.13766,1.19054,1.24639
29554148536,1.22421,0.99941,1.20837,1.00472,1.06945,0.994543
29568468473,1.13609,1.2308,1.27257,1.00928,1.15516,1.07271
29590367695,1.48978,1.37822,1.58547,1.24287,1.36256,1.27797
29653222767,1.31751,1.35791,1.52339,1.20185,1.33497,1.30565
29662842629,0.931949,0.909286,0.968259,0.974372,0.939112,0.827905
29667653150,1.28099,1.11984,1.1984,1.04661,1.16906,1.18846
29720142596,0.899219,0.910565,0.947027,0.806848,0.932721,1.10682
29773439184,1.13627,1.08579,1.09792,1.01333,1.10439,1.00243
29895770513,1.44702,1.29929,1.39906,1.24438,1.24672,1.29556
29905035802,1.03116,1.00571,1.09881,1.02225,1.12219,1.1259
29940985623,1.4177,1.26779,1.42403,1.20983,1.32251,1.26205
29951974249,1.52258,1.33917,1.481,1.24314,1.23098,1.27919
29974402007,1.27028,1.23643,1.48387,1.18936,1.29794,1.30091
29984168507,1.28858,1.16286,1.28211,1.09336,1.12431,1.21628
29999816244,1.25828,1.04037,1.12938,1.00302,1.12505,1.14843
30086773744,1.06922,1.03347,1.05594,1.00936,1.05442,1.00461
30167140288,0.982296,0.872924,1.00811,0.832423,0.938947,0.940757
30280184759,1.28827,1.29047,1.38471,1.1776,1.22061,1.26352
30401351885,1.08434,0.906886,0.941749,0.929293,0.915655,0.944897
30401655525,0.958413,0.865384,0.862536,0.806139,0.881847,0.870344
30420619108,1.24668,1.10698,1.15981,1.00159,1.11847,1.08366
30500853712,1.25574,1.19995,1.20773,1.02864,1.13451,1.10132
30508984595,1.15994,1.0547,1.08891,0.822156,1.06123,0.891845
30592754254,1.26412,1.09884,1.17604,0.992472,1.06848,1.13071
30650717935,1.45648,1.34791,1.52158,1.19479,1.30067,1.27875
30685375203,1.30628,1.1325,1.35334,1.11976,1.16123,1.12951
30811951941,0.903344,0.747093,0.826917,0.818108,0.84555,0.809268
30933227061,1.24695,1.21027,1.24844,1.04897,1.15048,1.14531
30946016806,1.16494,1.23901,1.28004,1.0932,1.15477,1.10788
30987241265,1.17389,1.19447,1.28397,1.09118,1.15398,1.20498
31018243980,1.26478,1.31937,1.33725,1.15701,1.19627,1.16756
31075459632,1.05,1.17105,1.09123,0.814505,1.03408,1.02337
31101922730,1.43236,1.41616,1.55197,1.33116,1.31135,1.39776
31184741180,1.23222,1.01728,1.03778,0.940202,0.980023,1.07594
31191321521,1.40101,1.15068,1.21883,1.16064,1.15061,1.17852
31213236636,1.12789,0.969892,1.00402,0.86054,1.02633,0.991885
31249620539,1.56941,1.30147,1.50745,1.1883,1.29906,1.17396
31465709393,1.06073,1.17517,1.09179,0.977905,1.06981,1.04476
31531851424,1.34952,1.28512,1.41178,1.22059,1.26481,1.28319
31568356659,1.51587,1.50743,1.61607,1.29927,1.36758,1.40305
31835024668,1.02315,1.23112,1.11172,1.07545,1.07613,1.13396
31850738610,1.53501,1.44008,1.59179,1.24138,1.35816,1.45259
32192889667,1.18064,1.21779,1.15453,1.00692,1.11054,1.09728
32256279357,1.19612,1.11857,1.24898,1.05879,1.11929,0.983308
32350604013,0.987194,0.899787,0.915748,0.935293,0.95055,0.993517
32361668560,1.2132,1.13235,1.26767,1.02702,1.14848,1.13462
32372946650,1.43209,1.20749,1.38158,1.12441,1.18434,1.22994
32695739325,1.11497,1.16268,1.20315,0.999428,1.10412,1.08424
32715949215,1.12078,1.02791,1.01639,1.02978,1.04185,1.09102
32813014067,1.21966,1.14373,1.11463,1.01742,1.08802,1.12256
32949927193,1.61014,1.4569,1.64113,1.34297,1.4642,1.52448
32952596153,1.35632,1.20536,1.18049,1.09836,1.14544,1.09896
32979998450,1.57213,1.47797,1.56698,1.3392,1.3888,1.44304
33280602986,1.58,1.3905,1.61615,1.31132,1.40012,1.44088
33318867486,1.10344,0.997347,1.0466,1.06549,1.1021,1.08963
33344711155,1.55207,1.384,1.53697,1.30836,1.38916,1.41489
33507876379,1.24715,1.07719,1.23799,0.993567,1.13265,1.11928
33621185349,1.35737,1.20502,1.46268,1.1655,1.2335,1.24817
33644666850,1.40944,1.25374,1.31318,1.18764,1.25033,1.16665
33656312210,1.13241,1.00561,0.95136,0.96496,1.06941,0.847489
33697096713,0.865668,0.821122,0.858081,0.805677,0.801039,0.802645
33796668443,1.26923,1.14778,1.09945,1.08513,1.1538,0.9976
34016541319,1.29761,1.24085,1.25247,1.0898,1.17585,1.11305
34028305768,1.69132,1.53335,1.62871,1.3593,1.43688,1.46336
34104712607,1.24177,1.10879,1.23831,1.19347,1.0834,1.10821
34193231995,1.22616,1.23946,1.21925,1.09213,1.17902,1.058
34218782019,1.34841,1.31849,1.32283,1.18609,1.33589,1.29603
34246597573,1.34771,1.21265,1.22783,0.931284,1.21433,1.121
34298991369,1.20561,1.03684,1.04819,0.85342,1.04475,1.06491
34374260567,1.0637,0.969596,1.1022,0.938307,1.05997,0.984148
34510963517,0.9996,0.888039,0.865795,0.802119,0.850426,0.915225
34661957013,0.997616,0.753617,0.766746,0.850727,0.850906,0.78862
34712482598,1.03336,0.971725,1.00211,0.941741,0.946097,0.969342
34772017984,0.787584,0.753264,0.744484,0.698499,0.785012,0.77001
34899755642,0.783756,0.691513,0.795215,0.69363,0.783779,0.751215
35099954751,1.28978,1.04306,1.1065,1.11246,1.08135,1.0918
35270239835,1.22058,1.00994,1.17898,1.06375,1.07857,1.09306
35279027678,1.09751,1.0189,1.11926,1.00668,1.04234,1.12191
35497609889,1.06284,0.974032,0.998471,0.826129,0.990019,0.996765
35526527466,1.01236,1.08588,0.990405,0.964865,0.992341,1.05814
35527746711,1.02865,1.07058,1.04051,1.02501,1.09437,1.08771
35637573166,1.19772,1.0635,1.18874,1.10315,1.08511,1.09832
35737733574,0.890714,0.810458,0.962111,0.832872,0.887125,0.777157
35816794264,0.926951,1.02989,0.951388,0.914465,0.974916,0.888177
35843369750,1.3604,1.20844,1.34693,1.10905,1.21683,1.15575
35863710406,1.05011,1.07133,1.04404,0.936353,1.03986,1.10729
36080829012,1.12753,1.09502,1.06224,0.864823,1.09765,0.890581
36153486260,1.34238,1.31552,1.42718,1.15361,1.18757,1.15746
36224973444,1.364,1.20985,1.27945,1.04732,1.18863,1.1346
36273358068,1.07747,0.975255,1.04294,0.953195,1.01429,1.01202
36320520531,1.19713,1.17185,1.17218,1.11316,1.15137,1.26743
36322304024,0.913168,0.966118,0.833398,0.830979,0.89235,0.945405
36424875857,1.50831,1.33929,1.41693,1.17634,1.22938,1.23805
36444977253,1.06903,0.969842,0.919976,0.914537,0.909055,0.862923
36487599458,1.33858,1.23907,1.36403,1.01055,1.14709,1.20062
36504424772,1.05578,0.961043,0.9569,0.820103,0.965987,0.828518
36551145482,1.03255,0.935525,0.838737,0.793749,0.971093,0.873383
36578214101,1.14666,1.11691,0.929601,1.02372,1.03495,0.94203
36582809037,1.17215,1.2271,1.00683,1.01303,1.09068,0.979178
36615495781,0.958222,0.862363,0.724624,0.837254,0.859237,0.786569
36680529390,1.30914,1.19084,1.12791,0.902957,1.06995,1.15446
36769531596,1.06526,0.908302,0.921562,0.836862,0.874634,0.847755
36810562903,1.11694,1.11221,1.13558,0.963301,0.991181,1.06451
36887777123,1.39497,1.22909,1.40723,1.0365,1.19916,1.25755
37012081928,0.917271,1.01764,0.938337,0.927857,1.02403,1.08396
37048488666,0.900972,0.988756,0.94453,0.75258,0.887737,0.833615
37101995602,1.0472,0.995142,1.08396,0.826056,1.03353,0.874562
37107287398,1.04958,1.06526,0.924433,0.985446,0.997222,0.814529
37146342490,1.2154,0.988089,1.00838,0.905163,0.924292,0.856228
37159324358,1.34886,1.26794,1.25003,0.983927,1.18328,1.15639
37169271195,1.02588,0.98502,1.082,0.965337,1.10326,1.00515
37291791443,0.892506,0.948009,1.0152,0.840025,0.903767,0.928051
37301833195,1.49209,1.37522,1.53345,1.22852,1.34442,1.38507
37318948662,1.07496,1.02196,1.08044,1.05496,1.05037,1.0609
37335252875,1.33642,1.17693,1.38959,1.17811,1.25149,1.26096
37360252929,1.00259,0.980092,0.850133,0.784922,0.798762,0.852536
37551719633,0.998529,0.966118,1.00642,0.94625,0.950767,0.975502
37561592968,1.05615,1.04724,1.00201,0.962399,1.05211,1.09785
37576202996,1.67417,1.45118,1.59582,1.32087,1.3263,1.48511
37667397788,1.12324,0.86493,0.90469,0.87422,0.946787,0.823745
37697189140,1.15775,1.07822,1.11198,0.906182,1.07453,1.03978
37737856494,1.45179,1.32995,1.44465,1.17074,1.27661,1.32774
37806456087,1.12535,1.15443,1.25442,1.05638,1.12411,0.998599
37917932039,1.09495,1.10871,1.14548,1.05858,1.08292,1.09487
37945178990,1.48019,1.42289,1.57994,1.26792,1.28788,1.44095
37983463005,1.44489,1.35437,1.47296,1.0737,1.267,1.34818
38039087399,1.27561,1.18559,1.37484,1.03779,1.19453,1.15725
38062829453,1.25235,1.29073,1.48152,1.14684,1.20403,1.22376
38246219872,0.974962,0.864746,0.781447,0.774194,0.831797,0.885548
38254059869,1.2216,1.26894,1.23665,1.06878,1.15979,1.16696
38255763852,0.989181,0.97158,0.955906,0.876192,0.930473,0.814238
38383884670,1.46172,1.34532,1.57588,1.21373,1.23626,1.426
38401855976,1.19413,1.18836,1.34645,1.00832,1.14559,1.13377
38439653115,1.26035,1.06241,1.15361,1.05419,1.0872,1.21518
38471960403,1.0618,1.14435,1.21376,1.01021,1.16163,1.13616
38521357485,0.92385,0.905767,0.783103,0.779906,0.88321,0.81421
38531932247,1.08768,1.11957,1.20783,1.07301,1.12018,1.01108
38565356104,0.956102,0.891504,0.968789,0.814035,0.942239,0.933764
38614859055,1.56598,1.42554,1.64438,1.36404,1.41848,1.49009
38624197416,1.3363,1.20078,1.33858,1.1984,1.22829,1.23852
39125996545,0.755988,0.647801,0.617548,0.741368,0.748469,0.684149
39227718197,1.2491,1.21097,1.07225,1.0811,1.15706,1.14061
39240599273,0.862988,0.773141,0.712827,0.807828,0.820241,0.973354
39281133622,1.02993,0.98643,0.91047,0.947128,1.00235,0.872101
39374292695,1.18488,1.11943,1.02117,1.05983,1.06512,1.07471
39394153602,1.01262,0.841232,1.01265,0.84391,0.826871,0.83385
39408117882,1.2113,1.04415,1.14558,1.0266,1.07999,1.04939
39586260276,1.02066,1.07626,0.995801,0.971118,1.07288,0.957362
39596807210,0.766683,0.711324,0.645122,0.794508,0.73083,0.682522
39632000880,1.2445,1.19473,1.17044,1.03931,1.09782,1.05219
39634528573,1.34703,1.22454,1.29,0.996236,1.17537,1.15763
39678227179,1.19351,1.11013,1.15499,1.10183,1.16566,1.08051
39701913371,1.34081,1.20406,1.3121,1.11573,1.16739,1.24995
39755939549,1.24339,1.28888,1.11922,1.08137,1.09145,1.16002
39783319524,1.05964,0.947429,1.00483,0.865188,0.946321,0.94269
39836995987,0.76752,0.694486,0.603555,0.731922,0.803671,0.676206
39863506492,1.28713,1.03955,1.09671,1.07875,1.04436,0.876534
39956698477,1.52489,1.41592,1.50277,1.18511,1.26609,1.35071
40030368289,1.08953,1.06242,1.09203,1.02232,1.0813,1.06965
40062519239,1.28033,1.17243,1.29511,1.0889,1.23755,1.27482
40076218375,0.870127,0.832863,0.896536,0.82727,0.91988,0.98558
40100094475,0.84861,0.722016,0.629567,0.751482,0.780422,0.677422
40102667655,1.01667,1.00435,0.796458,0.977521,0.946365,1.12215
40181557683,1.48962,1.22815,1.33822,1.01294,1.16791,1.19729
40242752751,1.45162,1.33407,1.57841,1.22565,1.27939,1.44315
40268722574,1.18043,0.96828,0.993914,0.976505,1.00855,0.992226
40341404962,0.870533,0.859444,0.646893,0.785387,0.842218,0.740988
40421441214,1.54803,1.38411,1.5116,1.2039,1.27729,1.27899
40431907162,1.5684,1.34637,1.52703,1.28768,1.33147,1.39313
40612623608,1.38278,1.35439,1.25042,1.04747,1.14906,1.12184
40727749306,1.01291,1.01057,0.970751,0.928812,1.04074,1.08133
40763333637,1.37117,1.21481,1.23406,1.1569,1.2393,1.15123
40775516689,1.0245,0.98985,1.01507,0.963187,1.00838,1.00261
40821914010,1.09899,0.902361,0.884189,0.995668,1.08002,1.0671
40886322529,1.07192,0.906668,0.922157,0.983251,0.985955,0.927687
41001276834,1.38813,1.32813,1.28235,1.15021,1.22107,1.23077
41090236368,1.26828,1.26313,1.31832,1.06426,1.14479,1.13034
41153902756,1.27802,1.19464,1.23796,0.994463,1.15793,1.06131
41193082840,1.0982,1.12588,1.09846,0.970255,1.07487,1.11519
41249700662,1.40392,1.32443,1.46795,1.13822,1.21392,1.2479
41367884017,1.26469,1.19697,1.07326,0.941089,1.07457,1.06798
41412983041,1.32222,1.12832,1.05858,0.965524,1.11309,1.05415
41474502129,1.43155,1.20971,1.32204,1.05086,1.129,1.15703
41574640465,1.21538,1.09684,1.18492,1.01046,1.06907,1.06373
41641189115,0.857513,0.879945,0.730277,0.835585,0.841719,0.932965
41739469034,1.3319,1.25272,1.23989,1.08642,1.18385,1.23876
41742451203,1.06092,0.957152,1.06684,0.843277,1.00108,0.895582
41825108332,0.981692,0.974658,0.980286,1.03997,1.1149,1.07486
41893433383,0.925732,0.892388,0.875816,0.836437,0.866436,0.795535
41905262339,1.23583,1.05194,1.14003,1.02729,1.07015,1.07506
41909065645,1.38251,1.29526,1.49744,1.20737,1.29167,1.32539
41909717090,0.750696,0.84111,0.803595,0.842433,0.772358,0.734377
41939979801,1.02129,1.00898,1.06802,0.873235,1.03901,0.83182
41984759411,1.31414,1.1141,1.22178,1.05551,1.14468,1.0085
42111954350,1.17924,1.14336,1.12459,0.88519,1.10273,1.09302
42156700926,1.08849,1.2046,1.14946,1.00888,1.15879,1.02815
42236843010,1.05146,0.921375,0.927042,0.897069,0.865488,0.914666
42242784504,1.45711,1.40922,1.54231,1.18663,1.3246,1.4597
42244580286,1.45906,1.37665,1.51527,1.23466,1.27111,1.3427
42361673811,1.18165,1.18606,1.31253,1.02328,1.10445,0.966112
42419105938,0.875381,0.771522,0.764751,0.869757,0.818133,0.804473
42426729683,1.19172,1.05014,1.17239,0.984194,1.06413,1.10042
42475542746,1.53835,1.36952,1.4677,1.16385,1.29388,1.28763
42491821571,1.39792,1.22207,1.45544,1.09243,1.27183,1.24687
42625209036,1.24642,1.17127,1.23374,1.02991,1.11035,1.06488
42652251540,1.45141,1.33292,1.45124,1.17433,1.1739,1.18269
42671953117,1.3289,1.27338,1.42915,1.21802,1.24658,1.24761
42747303285,1.32504,1.19741,1.2939,1.12388,1.22259,1.20678
42777686017,1.25144,1.18808,1.09176,0.983912,1.10001,1.13807
42880991663,1.29804,1.1883,1.13147,1.07958,1.13431,1.2273
42885082749,1.46735,1.32206,1.46516,1.21179,1.28964,1.26455
42920324171,1.23162,1.08323,1.11055,1.04,1.04317,1.01893
42992180237,1.04503,0.91911,1.0033,0.988276,0.971275,0.80828
43014106290,1.16166,1.12864,1.16562,1.0341,1.10307,1.1124
43015628909,1.25505,1.12444,1.08707,1.0985,1.07241,1.10525
43154000766,1.2489,1.27075,1.22542,0.990795,1.14376,1.17306
43285256755,0.569241,0.619778,0.571144,0.667472,0.675295,0.612905
43414654611,1.28427,1.23421,1.17389,1.11827,1.18598,1.26931
43650468505,1.33237,1.23011,1.29257,1.09851,1.14683,1.12994
43682318151,1.33758,1.18147,1.40847,1.04747,1.15403,1.10247
43930722491,1.26545,1.08796,1.12153,1.10792,1.12952,1.08138
43933527148,1.03608,0.949528,0.930211,0.931037,1.00198,0.972601
43933994446,1.27487,1.28174,1.35108,1.06536,1.19167,1.24246
43988474309,1.37771,1.37345,1.49919,1.19953,1.25873,1.35644
44001893656,1.16534,1.30717,1.23488,0.911305,1.227,1.23891
44029800412,1.1771,1.20233,1.12782,0.968859,1.0366,1.05253
44113823623,1.18061,1.03225,1.05722,1.00242,1.11149,0.928225
44285770843,1.24844,1.22105,1.27041,1.10156,1.2373,1.09539
44332912770,0.796508,0.773676,0.807727,0.856404,0.884288,0.762838
44360793575,1.57029,1.3141,1.49347,1.22468,1.31897,1.28089
44361987194,1.26748,1.2296,1.18611,1.18193,1.15295,1.18472
44448421850,1.13256,1.06866,1.13642,1.02559,1.10113,1.12417
44482906254,1.2505,1.10843,1.17953,0.968779,1.06254,0.935601
44543855347,1.5658,1.35467,1.32656,1.2132,1.23362,1.28349
44598355897,1.13283,1.00609,0.986477,0.93335,1.03543,1.12656
44670460472,1.04507,0.960952,1.00671,0.879693,0.89406,0.815032
44675770533,1.18423,0.976025,1.12603,0.947785,0.970562,0.999125
44925862911,1.56183,1.46434,1.59357,1.21861,1.35279,1.40388
44929620133,1.31045,1.12546,1.13009,1.04772,1.12637,1.10069
44947973427,1.23657,1.20655,1.34426,1.15322,1.22861,1.28826
44973166653,1.14006,1.03692,1.01127,0.971745,1.04576,1.02441
45045482343,1.34144,1.3705,1.38132,1.17211,1.27009,1.18363
45050645642,1.12708,1.10327,1.08428,0.96201,1.07916,1.09396
45074054594,1.54248,1.35158,1.40801,1.235,1.35114,1.33818
45185154852,1.37317,1.29045,1.40169,1.19184,1.23764,1.17523
45384951559,1.03126,1.05063,0.982615,0.951735,1.0106,1.07601
45476138637,1.35179,1.35997,1.44729,1.17235,1.22817,1.27691
45488497046,1.31392,1.27962,1.33222,1.03479,1.20045,1.19054
45518534934,1.32747,1.24796,1.23136,1.08019,1.13871,1.12545
45537224836,1.06992,1.05577,1.18915,1.07153,1.10468,1.06892
45648967567,1.16773,1.19475,1.29551,1.167,1.23882,1.12744
45766293117,1.51375,1.33952,1.50347,1.22377,1.31146,1.31247
45795773825,1.10149,1.0031,1.04215,0.905266,1.02869,1.0298
45803449570,1.20234,1.04259,1.11293,1.09039,1.09958,1.0013
45831186041,1.2172,1.18767,1.12468,1.01901,1.09699,1.06942
45844158019,1.29607,1.17564,1.21012,1.02978,1.1099,1.04278
45898846405,1.56949,1.29885,1.31537,1.09869,1.22042,1.17104
45985376888,1.29217,1.26996,1.22984,1.18562,1.19036,1.15791
46122192413,1.34284,1.24216,1.42497,1.16536,1.18506,1.15465
46128936333,1.68945,1.54229,1.64438,1.41298,1.50341,1.5232
46140396639,1.27302,1.1836,1.39047,1.02028,1.17678,1.15874
46140785303,1.36994,1.24637,1.35673,0.987385,1.1983,1.20807
46142578414,1.57131,1.51189,1.62718,1.34206,1.42921,1.51849
46166305629,1.65397,1.56465,1.64438,1.40531,1.48995,1.56732
46370285802,1.42712,1.1709,1.3359,1.16912,1.13812,1.10331
46393372059,1.35882,1.29261,1.40535,1.07763,1.21395,1.22735
46444856882,1.16712,1.03871,1.13337,0.880494,1.06678,0.952949
46462771024,1.14108,1.20156,1.05542,0.999584,1.13578,1.08623
46498668394,1.58116,1.45124,1.55921,1.24392,1.27017,1.38458
46514227482,0.857277,1.02095,0.976964,0.876861,1.00637,0.848155
46661676165,1.23742,1.19536,1.3656,1.00299,1.12394,1.16639
46710549234,1.24918,1.14197,1.23767,1.1019,1.19711,1.12834
46731899601,1.17295,1.11753,1.02471,1.05213,1.08573,1.02767
46864752406,1.29677,1.34107,1.37422,1.20455,1.25353,1.25403
47010723808,1.33587,1.23696,1.28725,1.09913,1.12717,1.15943
47156917354,1.33538,1.20071,1.44529,1.06309,1.15406,1.14776
47185391358,1.67087,1.529,1.64438,1.49522,1.47646,1.5587
47610118974,1.23515,1.15791,1.22233,1.02443,1.1634,1.09198
47676721978,1.12477,1.1881,1.00537,0.918739,1.11051,1.0811
47742391549,1.51524,1.33572,1.54281,1.18922,1.32026,1.4298
47746649350,1.1106,1.14488,1.00197,0.962041,1.14303,1.12898
47786833662,1.27968,1.21007,1.18571,1.15425,1.11366,1.09846
47858510677,1.26738,1.17364,1.29111,1.07604,1.14049,1.16214
47874605593,1.01191,0.933567,0.946424,0.915503,0.876084,0.92227
48077313232,1.07253,1.08761,1.0482,0.986593,1.08998,1.04055
48078466491,1.40238,1.371,1.42315,1.14917,1.27224,1.38725
48095926869,1.55188,1.46641,1.5794,1.21941,1.3301,1.36436
48160308857,1.40816,1.30037,1.48049,1.19666,1.24798,1.22429
48179139730,1.27611,1.13014,1.25847,1.11683,1.16683,1.15197
48245639190,1.15059,1.02952,1.07836,0.898168,1.07327,0.996823
48325132089,1.17991,1.19004,1.12482,1.13826,1.12625,1.22255
48381771068,1.35098,1.20389,1.38479,1.04878,1.13161,1.10588
48486528978,1.54293,1.283,1.33681,1.15114,1.2131,1.18868
48543935150,1.15653,1.13996,1.22484,1.06165,1.07647,0.986571
48565100091,1.33147,1.23188,1.41496,1.13226,1.21238,1.26321
48602089573,1.11918,1.08171,1.1991,0.991925,1.09828,0.958876
48741467521,1.02034,0.886617,0.940816,0.981949,1.00935,1.08968
48874376360,0.946774,0.898366,0.80354,0.81826,0.898145,0.8837
48975991297,0.880145,0.809805,0.750024,0.801667,0.89968,0.916198
49051659046,1.39152,1.26533,1.43522,1.23518,1.31333,1.41509
49149029867,1.38178,1.41089,1.4232,1.19742,1.25607,1.27034
49181022398,1.32919,1.31405,1.5002,1.20543,1.26657,1.23273
49237322853,1.31585,1.21703,1.43508,1.10479,1.2407,1.26028
49249169628,1.37344,1.33825,1.45865,1.20289,1.28157,1.3892
49489417120,1.15895,1.18962,1.04218,1.06611,1.11168,1.13456
49536824588,1.1685,1.09016,1.15018,1.00495,1.09997,1.10955
49549946554,1.32779,1.15598,1.24323,1.17982,1.15706,1.08709
49562376314,1.22848,1.1309,1.17521,0.995497,1.06871,1.00558
49598834418,1.43932,1.2562,1.31966,1.11098,1.23516,1.11979
49639411995,1.34505,1.24692,1.40766,1.08198,1.25292,1.2892
49874896619,1.07973,1.22872,1.27346,1.06578,1.19137,1.21924
49897516631,1.55812,1.41508,1.60475,1.29471,1.30785,1.40025
49964529801,1.01344,0.849684,0.773799,0.776747,0.887578,0.909532
50045773182,1.59355,1.51148,1.63563,1.29138,1.405,1.50132
50073249593,1.17943,1.10672,1.08111,1.05471,1.07272,1.08577
50131754870,1.2892,1.28091,1.52245,1.13805,1.22124,1.19773
50148165766,1.03212,0.921652,0.842951,0.812933,0.857132,0.784797
50187954892,1.66705,1.46501,1.63124,1.33281,1.40519,1.46024
50205443813,1.35761,1.31408,1.35515,1.17816,1.2176,1.2473
50237430528,0.882515,0.864635,0.829305,0.882763,0.934975,0.869351
50260536583,1.305,1.20869,1.33688,0.966334,1.13426,0.977648
50261938542,1.38071,1.19148,1.34343,1.12314,1.22751,1.17985
50283579565,1.09952,1.00145,0.989009,1.00594,1.12681,1.08439
50505786638,1.03065,0.975408,1.01915,0.926723,1.04701,0.98967
50595914374,1.16223,0.964765,1.07361,0.893282,1.06798,1.03986
50705222306,1.18349,1.02352,1.05641,0.969192,1.06072,0.973565
50744306119,1.19536,1.18087,1.18277,0.943705,1.13892,1.10351
50753485762,1.12533,1.03957,1.1634,1.01997,1.10824,1.12032
50788656883,1.58161,1.36134,1.53411,1.28657,1.35548,1.33113
50896947576,1.27461,1.26343,1.26466,1.17108,1.22193,1.17503
50938590461,1.44456,1.33249,1.48062,1.21526,1.28641,1.23126
51017688075,1.01822,0.921717,0.98391,0.904677,0.912096,0.981615
51027329056,0.825606,0.820966,0.893698,0.810246,0.873155,0.902028
51132393804,1.33855,1.28781,1.29607,1.19355,1.24002,1.25036
51307144828,1.44872,1.13966,1.275,1.02878,1.1823,1.1231
51370122110,1.53767,1.49097,1.635,1.31207,1.41005,1.51052
51412586069,1.50826,1.36774,1.59651,1.2142,1.36077,1.37927
51444697281,1.24543,1.16943,1.30874,1.06709,1.14861,1.20892
51472157227,1.40486,1.37331,1.54742,1.27867,1.32469,1.26963
51481864643,1.29448,1.23281,1.34043,1.12704,1.25711,1.24845
51527389940,1.49265,1.27941,1.4469,1.21335,1.30555,1.25599
51843662520,0.914716,0.934541,0.861129,0.810181,0.882132,0.855842
51878619105,1.02183,1.00726,0.977368,0.843677,1.01812,1.1112
51888503281,1.00686,1.05782,1.06242,0.863055,1.03681,1.02544
52003409848,0.942479,1.06124,0.828916,0.883159,0.969935,0.908237
52012086306,0.906195,0.979589,0.997956,0.866632,1.03146,1.13836
52081402374,0.740793,0.777166,0.883917,0.8462,0.923605,0.724948
52096185569,1.1429,1.06029,0.873701,0.875336,0.927477,0.872238
52097089616,0.709061,0.831129,0.75982,0.724921,0.791034,0.754283
52324788551,1.04039,1.07696,1.09219,0.951954,0.96587,1.13717
52333055450,1.42656,1.30431,1.35449,1.16363,1.16503,1.21407
52392724496,0.754822,0.809441,0.711918,0.673542,0.793995,0.767474
52404479390,0.991817,0.916061,0.977475,0.929255,0.893968,0.930926
52451018693,1.12991,1.01537,1.02766,0.944079,1.05941,1.05759
52467639437,1.14072,1.04386,1.06627,0.970163,1.09009,1.07605
52494667024,0.888577,0.925409,0.854852,0.75554,0.886343,0.816735
52498730747,1.34685,1.18024,1.35909,1.11122,1.20904,1.17012
52604760627,1.25437,1.16491,1.3262,1.06457,1.20557,1.03197
52685985801,0.880409,0.824256,0.759831,0.901073,0.87821,0.865688
52696251798,1.04116,1.00927,0.972789,0.946305,1.0873,0.998573
52730482507,1.42492,1.36696,1.5265,1.24701,1.31023,1.28176
52924973646,0.984422,0.787582,0.867812,0.802242,0.883897,0.74774
52979570792,1.03604,0.966118,0.88214,0.893307,0.911385,0.872954
53050088263,1.04353,1.00392,0.999536,0.996857,0.952577,1.00203
53085456856,1.27352,1.0971,1.08978,1.00858,1.07086,1.05885
53251441701,0.96302,0.847595,0.768096,0.794462,0.841135,0.662964
53295709239,1.17883,1.15084,1.22187,0.995439,1.12787,1.15237
53306569493,0.864219,0.85524,0.773194,0.792918,0.905349,0.805778
53411563009,0.97283,0.941255,1.00049,0.875187,1.01844,0.986205
53536026849,1.23131,1.14222,1.29782,1.04164,1.06781,1.0392
53543964453,1.13349,1.10614,1.11716,1.01237,1.13116,0.957638
53621520579,1.30697,1.08353,1.15126,1.1374,1.21292,1.20213
53631837136,1.10952,1.10133,1.35167,0.973808,1.17951,0.951928
53636902135,1.25078,1.02448,1.14827,0.993731,1.14854,1.11635
53679894119,1.24959,1.12068,1.11822,0.939484,1.04485,1.10513
53857960868,1.07185,0.946739,0.884063,0.939201,0.969051,1.1129
53905144525,1.50368,1.35335,1.46103,1.20198,1.2826,1.25892
53905474212,0.801251,0.704652,0.594262,0.763226,0.730337,0.638274
53926873732,1.13579,1.22438,1.15471,1.0854,1.20736,1.158
53934648187,1.44886,1.30582,1.49238,1.21335,1.2423,1.27974
53949605325,1.46799,1.24948,1.47461,1.1967,1.27236,1.26956
54221654886,1.37508,1.22184,1.30505,1.18463,1.2257,1.23661
54263902138,1.28009,1.21854,1.28011,1.17204,1.14066,1.13945
54582818017,1.414,1.2783,1.37072,1.01582,1.17684,1.14938
54610142073,1.28729,1.18796,1.20017,1.10962,1.18492,1.10159
54620399181,1.1709,0.96683,1.11141,1.03637,1.08311,1.13348
54713339291,1.60994,1.37802,1.5682,1.29982,1.35411,1.36505
54743631662,1.35984,1.23577,1.33449,1.08383,1.22396,1.22028
54904132389,1.16816,0.932754,1.0315,0.978396,1.01556,1.00286
54980287326,1.03917,1.07515,1.03019,0.997401,1.02311,1.03982
55001151492,1.01689,1.00192,0.913683,0.826052,1.01739,1.02751
55013972091,1.32228,1.18157,1.25351,1.05063,1.14616,1.08875
55119304109,1.63495,1.42606,1.60692,1.32073,1.34956,1.3688
55179356433,1.24472,1.11171,1.27896,1.0964,1.10161,1.01413
55206780683,1.5271,1.3832,1.52168,1.21406,1.32917,1.35085
55440093837,1.19695,1.31368,1.2842,1.02667,1.2224,1.12606
55683034083,1.67881,1.48251,1.63087,1.35576,1.41703,1.45783
55705939258,1.49708,1.35499,1.47468,1.11625,1.26659,1.30114
55728061993,1.17238,1.09409,1.23666,1.10473,1.2485,1.19565
55772904799,1.54826,1.39662,1.60959,1.28764,1.33907,1.42341
55876687174,1.1667,1.02042,1.05954,0.964018,0.970463,0.898147
55936068547,1.07031,1.00941,1.06578,1.04134,0.95021,1.01076
55974747032,1.32375,1.17471,1.23776,1.09351,1.12791,1.18139
55984499412,1.21355,1.1953,1.26888,1.1148,1.1833,1.12627
56033669758,1.54273,1.37255,1.41948,1.28302,1.33356,1.47461
56084720839,1.18772,1.19124,1.18553,1.02606,1.0915,1.10314
56181408481,0.891603,0.777335,0.788822,0.807218,0.820034,0.859762
56256563061,1.06193,0.899138,0.931571,0.854149,0.983883,1.06562
56281291616,1.08044,0.952831,1.03795,0.974357,0.971115,1.05483
56348680641,1.09081,0.877081,0.952019,0.857258,0.943633,0.926012
56715132243,1.27953,1.10473,1.08658,1.0623,1.15705,1.01997
56733687875,1.05952,0.835993,0.987113,0.922923,1.00724,1.01702
56749152611,1.1796,1.14954,1.10622,1.06962,1.10298,1.08564
56749710616,1.04704,0.954632,0.939988,0.914082,1.026,1.06172
56898183982,1.38279,1.29364,1.51905,1.13396,1.222,1.23308
57012659418,1.09953,0.86342,0.883704,0.949521,0.948708,0.908913
57031265558,1.24269,1.02522,0.926227,0.994536,1.06838,0.995629
57035958453,1.35019,1.12915,1.27252,1.07246,1.10161,1.12796
57165763240,1.28828,1.19228,1.34138,1.01227,1.209,1.15386
57197533734,1.25711,1.00585,1.19612,1.08258,1.16551,1.1044
57203699553,1.08134,1.06722,1.08008,1.04788,1.08885,1.11139
57237608084,1.29357,1.15668,1.17864,0.923801,1.12892,1.12251
57253768565,1.17684,1.15925,1.17716,1.14875,1.22872,1.20291
57277724844,1.17991,1.04901,1.06996,0.96424,1.1039,1.04927
57386826693,1.34258,1.25874,1.31744,1.18248,1.242,1.21908
57499151814,1.49182,1.4463,1.53077,1.18287,1.27316,1.34165
57614805817,1.5445,1.34747,1.48612,1.2129,1.30108,1.30023
57703567445,1.22821,1.14008,1.14685,1.03111,1.15601,1.16916
57799012582,1.34545,1.19523,1.35645,1.19546,1.13234,1.12101
57818444424,0.938752,1.03727,1.05699,0.905547,1.09796,1.17338
57831568937,1.27631,1.21955,1.18136,1.19017,1.18507,1.16077
57875997703,1.39948,1.2477,1.4137,1.12344,1.15183,1.0967
57945179401,1.29737,1.16794,1.26006,1.05653,1.12352,1.17587
58026187267,1.15674,1.11291,1.05762,0.999959,0.961213,1.06889
58032732041,1.1184,0.905127,0.843521,1.00991,1.09111,0.962433
58080202657,1.17315,1.08216,1.15753,1.02811,1.22583,1.08368
58348709983,1.38755,1.25576,1.47584,1.21132,1.32563,1.28449
58436111329,0.859836,0.807755,0.78978,0.863077,0.977998,0.864049
58567128679,1.47623,1.37264,1.47602,1.23094,1.26091,1.37538
58693301656,1.44391,1.27334,1.36255,1.0984,1.25889,1.18364
58750063258,1.59631,1.41582,1.51841,1.25604,1.36211,1.30796
58791079616,1.04152,1.01902,1.12646,0.987154,1.03498,1.00656
58836399171,1.06145,1.05809,0.971418,0.931872,0.999635,0.999746
58904185260,1.46353,1.35242,1.45057,1.24501,1.33817,1.24739
59000517726,1.337,1.20893,1.43797,1.17416,1.24789,1.26069
59025826098,1.50258,1.35292,1.48753,1.21819,1.28374,1.35047
59052049063,1.44165,1.3623,1.37221,1.21221,1.32634,1.26628
59060425562,1.16078,1.15286,1.15362,1.01517,1.0687,1.03026
59364572352,0.924521,1.08312,0.877342,0.928535,0.991341,1.05335
59383766098,1.2912,1.13806,1.17577,1.00026,1.14724,1.07819
59472487101,1.14829,1.17885,1.38436,1.09228,1.20961,1.22809
59562599406,1.5339,1.43723,1.54419,1.30679,1.30695,1.34592
59696245681,1.45067,1.31228,1.47238,1.11714,1.27033,1.25257
59887410371,1.38943,1.26288,1.31137,1.20279,1.28308,1.26834
60055834185,1.20056,1.27735,1.51206,1.1875,1.23837,1.19187
60155078246,0.848724,0.857786,0.669074,0.817265,0.788645,0.735995
60321892972,1.01797,0.898663,0.903857,0.804129,0.996877,0.993271
60449343790,1.18778,1.11442,1.19374,1.0391,1.07218,1.01465
60496357133,1.10391,1.1482,1.22664,1.08901,1.12718,1.12943
60749167560,1.12889,1.10111,1.1731,1.10046,1.07925,1.07389
60764701343,1.46142,1.34521,1.53845,1.22761,1.25421,1.29564
60767329251,1.21572,1.15195,1.14978,1.09345,1.104,1.10996
60828282404,1.05258,0.893252,0.874565,0.821644,0.967944,1.0025
60841438253,1.35648,1.2987,1.36794,1.18423,1.23805,1.23467
60845605704,1.08447,0.982071,0.972347,1.00551,0.972431,0.973671
60922830335,1.49749,1.34861,1.52479,1.16625,1.31386,1.26241
61004974408,0.906893,0.839541,0.843184,0.803421,0.847564,0.864284
61224162437,1.31827,1.19265,1.17685,1.09828,1.1213,1.10077
61316134374,1.55055,1.39277,1.62841,1.26787,1.35987,1.42427
61465981749,1.33925,1.19497,1.31992,1.1772,1.20727,1.24444
61565200220,1.3352,1.1003,1.18366,1.08819,1.13264,1.05629
61580303280,1.26345,1.14819,1.20445,1.09754,1.08926,0.990845
61586316529,1.51593,1.38292,1.50063,1.18979,1.28104,1.29086
61827839915,1.50664,1.41097,1.60496,1.32804,1.33992,1.36515
61846346961,1.12889,0.939474,0.946367,1.02543,1.08197,1.01982
61851229434,1.58768,1.35316,1.57092,1.28909,1.36038,1.32087
61906111650,1.09109,1.13317,1.20045,1.02443,1.15222,1.07889
61920227860,1.19045,1.03947,1.20498,1.01132,1.11317,1.1017
62103204171,1.42458,1.36092,1.45928,1.21203,1.27264,1.28245
62168207109,1.12133,1.01387,1.09285,0.997077,1.01167,1.02873
62201679021,1.08091,0.909561,1.03196,0.906037,0.993825,1.05105
62284882051,0.98002,1.05787,0.994806,0.938649,1.00993,0.938672
62400872310,1.35253,1.19214,1.33787,1.14939,1.22657,1.26272
62472751891,1.22466,1.10032,1.1607,1.02102,1.12002,1.04907
62497241268,1.36847,1.11578,1.16374,1.1099,1.13202,1.08942
62579226243,1.09524,0.951034,0.847646,0.977923,0.990746,1.02189
62764065623,1.4808,1.3308,1.44414,1.23633,1.31123,1.35475
62789788688,0.836782,0.853203,0.764476,0.894398,0.834431,0.885179
62880101901,1.10954,1.16449,1.1685,1.0209,1.09925,1.09977
63003478085,1.3444,1.111,1.18949,0.990985,1.13618,1.11043
63044920725,1.27593,1.2161,1.4206,1.19999,1.2351,1.1091
63049696192,1.05094,0.998647,1.02501,1.06384,1.00834,1.02021
63244736295,1.40668,1.33203,1.29703,1.20381,1.23923,1.25084
63297321517,1.21642,1.06899,1.25962,1.14887,1.15004,1.0818
63454165931,1.50054,1.31414,1.43018,1.19722,1.24786,1.23369
63474504803,0.837795,0.974456,0.72735,0.814872,0.878271,0.804094
63536715327,1.30492,1.09431,1.10864,0.945673,1.06154,1.08003
63736490529,1.31415,1.35465,1.30848,1.19349,1.22552,1.23745
63873686698,1.51544,1.29297,1.36633,1.07523,1.29852,1.16518
63985503888,1.28386,1.22828,1.33733,1.16773,1.25626,1.13403
64088716765,1.56784,1.3103,1.60902,1.33351,1.32196,1.45419
64149742187,1.40529,1.2394,1.49094,1.28055,1.33709,1.27389
64167488211,1.3374,1.32798,1.34315,1.10317,1.24777,1.17973
64211830986,1.26992,1.29677,1.41013,1.12979,1.18942,1.12622
64216858076,1.64175,1.45374,1.62066,1.34953,1.4064,1.50573
64298160195,0.826356,0.755681,0.705385,0.819334,0.821824,0.832288
64323308134,1.2834,1.27283,1.36421,1.08986,1.25616,1.25123
64329688823,1.38691,1.28157,1.46722,1.182,1.27438,1.25288
64399403937,1.42046,1.19258,1.36656,1.18437,1.18228,1.11667
64497205317,0.974596,0.791368,0.954963,0.767846,0.902906,1.01129
64527696035,0.761712,0.710292,0.682824,0.848121,0.768562,0.744175
64555744030,1.26082,1.18413,1.2866,1.17379,1.22284,1.21028
64619442944,0.997076,0.939432,0.895116,0.902273,0.989436,0.921241
64784392355,1.16677,1.04978,1.17549,0.981073,1.0567,1.08915
64803025980,1.40662,1.25443,1.34074,1.14301,1.2826,1.30189
64845253052,1.06143,0.89217,0.845111,0.814389,0.998043,1.01325
64925281390,1.12549,1.06032,1.13,1.04064,1.07239,1.12986
64951870563,1.5233,1.24823,1.52772,1.2247,1.28057,1.41328
64954576369,1.34832,1.29933,1.35239,1.14415,1.2328,1.15236
65024441028,1.08775,1.0534,0.916567,0.990007,1.03591,0.995227
65030958104,1.27966,1.13939,1.1651,0.925214,1.14095,1.07487
65235668179,1.25906,0.989762,1.10836,0.984433,1.11296,1.01649
65705065394,1.25127,1.19794,1.30204,1.09829,1.1913,1.13501
65709299344,1.28557,1.06354,1.18155,1.06624,1.1122,1.05395
65760136065,1.16625,1.1405,1.09953,1.01686,1.1322,1.07911
65788266824,1.17962,1.07348,1.08824,0.947777,1.07052,0.955192
65790929118,1.40912,1.25736,1.40396,1.1763,1.19415,1.25453
65801862055,1.29773,1.28546,1.27918,1.0983,1.19576,1.11839
65812226464,1.22332,1.20627,1.03133,1.04225,1.15724,1.12767
66101132811,1.49832,1.36222,1.41916,1.22367,1.3653,1.35054
66115956668,1.37402,1.24558,1.20043,1.14935,1.20638,1.22593
66135895285,1.29862,1.14118,1.20805,1.13697,1.24702,1.12653
66213297145,1.63331,1.47878,1.63603,1.32364,1.39303,1.51371
66218926285,1.49904,1.33644,1.36067,1.19871,1.32121,1.24538
66386639543,1.53474,1.39515,1.61015,1.24392,1.40524,1.49173
66565075172,1.15812,1.12627,1.1859,1.03946,1.10912,1.12207
66584018718,1.29758,1.21967,1.42379,1.16557,1.27734,1.2882
66699022873,1.03572,1.0003,1.04866,0.945644,1.11032,0.948466
66731781883,1.08666,0.924178,0.987707,1.00789,1.02862,1.03375
66744397636,1.38494,1.29607,1.39235,1.05874,1.24128,1.29377
66760946883,1.11448,0.987471,0.881491,0.994787,1.06078,1.06783
66780625042,1.40936,1.34749,1.35903,1.22764,1.2933,1.16144
66840073152,1.27827,1.19288,1.34086,1.19558,1.28695,1.25183
66846242593,1.16361,1.06189,1.14432,1.00716,1.0494,1.08196
66861187605,1.31747,1.20329,1.06625,1.07681,1.14089,1.09472
66987860509,1.19177,0.948927,0.972975,1.03882,1.01159,0.946871
67275369069,1.39974,1.2187,1.24294,1.20691,1.24833,1.245
67285241755,1.37213,1.30795,1.37964,1.16669,1.26349,1.24105
67327795990,0.957296,0.909923,0.861513,0.907098,1.04623,0.849271
67328953506,1.33353,1.24927,1.23569,1.12819,1.20096,1.11329
67376344275,1.54702,1.30585,1.45524,1.27403,1.36233,1.29007
67412305999,1.23977,1.04827,0.956911,0.996462,1.05822,0.987071
67457646346,1.37241,1.36233,1.33113,1.1971,1.24337,1.20181
67503363589,1.33503,1.27597,1.26059,1.19744,1.18372,1.20754
67528114782,1.33852,1.31748,1.44626,1.12976,1.33501,1.3081
67539920840,1.14186,1.14571,1.25623,1.07547,1.08446,1.09717
67554851142,1.30622,1.17854,1.24969,1.03801,1.23687,1.22619
67624344202,1.46637,1.32132,1.52233,1.27349,1.35362,1.3202
67643976941,1.42805,1.30638,1.5452,1.25002,1.39005,1.41515
67764567580,1.38919,1.10105,1.06512,1.07231,1.12579,0.94492
67893606337,1.43329,1.26073,1.30291,1.13823,1.20959,1.13672
67925029240,1.50128,1.28573,1.22879,1.14442,1.26128,1.25368
67957488888,1.5997,1.36279,1.4955,1.29265,1.3699,1.31428
68023496486,1.24603,1.21661,1.29695,1.13732,1.20424,1.09814
68028860161,1.1107,1.11607,1.08738,1.01083,1.13024,1.10547
68149360854,1.30996,1.22025,1.03987,1.00223,1.13722,1.07572
68194389420,1.42127,1.20086,1.37109,1.14968,1.23673,1.25101
68286861852,1.42355,1.25632,1.19579,1.15474,1.20793,1.17655
68323859552,1.17562,1.20857,1.15501,1.00861,1.15807,1.11425
68390721576,1.28192,1.04593,0.988062,1.03503,1.05803,1.09695
68408937575,1.48459,1.30147,1.56685,1.32788,1.33368,1.4735
68453856554,1.3069,1.15762,1.09057,1.13141,1.20759,1.1467
68455326772,1.02687,0.99322,0.924505,0.866502,0.918179,0.93464
68684541170,1.59398,1.468,1.61155,1.39794,1.44914,1.4429
