  Number,ConcatNet,ResNet,CNN,SVR
3009,1.20265,1.19149,1.05937,1.076003417
27872,1.33937,1.49181,1.35429,1.068752165
17937,1.06133,1.03554,0.982205,1.317087496
63243,1.72515,1.60084,1.60076,0.763784247
46101,1.24556,1.34076,1.2171,0.914551356
54973,1.48655,1.55358,1.3873,0.974253334
56780,1.518,1.45025,1.32783,0.947014296
58657,1.19338,1.07944,1.12129,1.281499852
16104,1.73797,1.77636,1.64022,1.609347355
33325,1.05144,1.05594,0.961444,1.632925259
41946,1.47991,1.56833,1.57943,1.409577507
30835,1.28191,1.45212,1.3442,2.033385375
43561,1.23162,1.32557,1.19719,0.938051278
3836,1.52751,1.50879,1.48388,1.479583521
9177,1.07811,1.17723,1.08475,1.411343487
55410,1.38076,1.38119,1.3458,1.778856819
57158,1.31965,1.28943,1.29243,1.174867563
1014,1.34242,1.38568,1.37581,1.829049661
5317,1.19441,1.32282,1.12855,1.780191879
62651,1.70475,1.6778,1.60517,1.37064908
5523,1.22444,1.26809,1.07734,1.582482722
13799,1.62742,1.69269,1.74052,1.505517662
17759,1.59435,1.63188,1.6401,1.141335609
63948,1.17859,1.15728,1.20393,0.969351949
64577,1.08049,1.02737,1.05536,1.547920987
64799,2.07648,2.02891,2.06991,1.725371587
51084,1.13819,1.163,1.12539,1.119775492
7764,1.23918,1.32144,1.14177,1.009316553
41275,1.30469,1.4019,1.27902,2.232939517
23262,2.17372,2.05544,2.06159,0.731635368
26655,1.30659,1.38825,1.31339,1.550438439
18840,1.09693,1.03105,1.00726,1.085558672
18262,1.51607,1.52184,1.43369,1.238633435
42879,1.92874,1.93976,1.97734,1.345104048
53125,1.47443,1.55372,1.4158,1.230302888
22240,1.30436,1.43208,1.28218,1.309435514
47045,1.93432,1.92837,1.68675,1.414567183
32621,2.12078,2.08805,2.30571,1.819606797
45920,1.38076,1.53556,1.29785,1.028854579
7167,1.87487,1.86223,2.1866,1.478633184
34254,1.11929,1.20238,1.13565,1.953146416
60931,1.35777,1.30368,1.2469,1.122466533
44546,1.20352,1.24224,1.21947,1.309966324
61437,2.3244,2.18889,2.61855,1.461639383
10923,1.59919,1.64449,1.57177,1.31382795
41903,1.7219,1.79487,1.77289,1.003696735
51086,1.45337,1.42884,1.31231,1.360828728
63632,1.30582,1.20246,1.22323,1.092689949
62280,1.2828,1.41771,1.31839,1.070483065
46611,0.97791,1.13289,1.14113,1.679219534
52131,1.5939,1.65432,1.55534,1.858214126
44703,2.02167,1.96572,1.92317,1.047810245
17852,1.14514,1.31563,1.17419,1.300690584
60498,1.60018,1.61201,1.40883,1.402234759
41072,1.08004,1.02502,1.11905,1.533218898
16877,1.08964,1.29036,1.17942,1.356194293
34617,1.08444,1.0345,1.04238,1.512298347
34785,1.11608,1.01326,1.05592,1.226606307
36005,1.19179,1.11938,1.06811,1.028299436
53093,1.38076,1.38087,1.22982,0.987392094
56675,1.20255,1.18366,1.1947,1.560290486
35512,1.17676,1.16127,1.11681,1.141810272
55673,1.48063,1.56091,1.57222,1.384227381
9960,1.38076,1.58982,1.42898,0.876695535
35901,1.07302,1.06298,1.07179,1.152156095
36784,1.32323,1.44264,1.27085,1.526259056
38665,1.17784,1.22262,1.16072,1.090252276
41644,1.38076,1.43945,1.38881,0.310579875
27535,1.38076,1.46554,1.31413,1.524471693
9097,1.09354,1.11972,0.99276,1.869290978
28332,1.50124,1.67125,1.50797,1.402290437
2325,0.86515,0.984438,0.931839,1.748083922
91,1.12629,1.16225,1.03496,1.009761437
52207,2.14409,1.99801,2.18243,1.264010259
52415,1.50854,1.41569,1.49245,1.466148269
32422,1.4669,1.47649,1.44388,1.594720486
11578,1.34448,1.52028,1.27019,1.452545384
12928,0.86431,0.848499,0.795684,1.479595939
22788,1.06829,1.04966,1.08523,1.088348086
12269,1.9425,1.93838,1.97111,1.365061151
12257,1.53328,1.66635,1.5552,1.182268431
11189,1.28256,1.33826,1.27077,1.2188475
44757,1.92993,1.93172,1.77463,1.489240295
52161,1.28101,1.27385,1.15375,1.454570478
63921,1.76087,1.7718,1.68335,1.279226469
53095,1.70634,1.59709,1.5609,1.461567439
21992,1.38283,1.58351,1.32921,1.191535682
2324,0.86102,0.893835,0.859437,2.089792701
20598,1.38076,1.58111,1.37802,1.14015394
63981,1.98063,2.01663,1.97621,1.910061797
34814,1.84172,1.8766,1.90049,1.248119901
24434,1.7438,1.83849,1.71588,1.42968082
42458,1.66571,1.62505,1.56547,1.262527469
43007,2.54087,2.17957,2.69136,1.067366461
62307,1.43861,1.44966,1.48803,1.120982195
62841,1.68208,1.64571,1.67667,0.931453732
50649,1.51524,1.61914,1.50907,2.342303398
35264,0.90895,0.852767,0.886051,1.166422051
3309,1.35198,1.27876,1.28385,1.249415192
35559,1.43047,1.31132,1.38087,1.717221296
7171,1.05476,1.02299,1.0119,2.05718879
36962,1.06785,1.03077,0.97914,1.287643787
19521,0.88876,0.923934,0.930331,1.006897998
37843,1.30842,1.44982,1.4119,1.471583226
51549,1.53286,1.69994,1.56465,1.375054433
30170,1.70366,1.79693,1.63676,1.44727141
45646,1.48389,1.54105,1.4837,1.550463665
53143,1.95805,2.01114,1.83513,1.03446227
29060,0.96753,0.91835,0.961973,1.727535538
43696,1.49001,1.53842,1.38238,1.436453081
45786,1.78236,1.88355,1.78748,1.846831381
56462,1.28718,1.1762,1.21057,1.332648419
32481,1.675,1.85689,1.70216,1.344260222
63669,1.80077,1.90122,1.83249,1.671263297
48008,1.31674,1.25039,1.157,1.076249542
43326,1.76411,1.85445,1.77839,1.553379567
63912,1.44509,1.41178,1.31929,1.235935353
29223,1.32969,1.30436,1.30594,1.874029126
24928,0.90613,1.06714,0.942285,1.598575154
39631,1.38076,1.57781,1.60336,1.096387057
18829,1.21512,1.21193,1.18954,1.280146043
20806,1.04882,1.04136,1.02372,1.650356179
59901,1.95684,1.98979,1.9826,1.418537178
29316,0.87405,0.84457,0.862996,1.268183973
44077,1.20001,1.29568,1.24358,1.067556345
52803,1.13368,1.02719,1.05544,1.435953326
49024,1.15758,1.0759,1.15973,1.431686867
46857,1.38076,1.5407,1.32292,1.325653421
43082,1.06115,0.946161,1.0056,1.23278924
47604,1.39529,1.45427,1.39757,1.27221751
65464,1.70862,1.69552,1.67187,0.998302134
42065,1.05498,1.0684,1.00074,1.093821708
48908,1.43175,1.47236,1.38966,1.073340933
16107,1.80811,1.83158,1.78159,1.111920775
6883,1.14347,1.16561,1.09455,2.033280256
8827,1.1426,1.25509,1.24005,1.682678409
54869,1.30988,1.36733,1.38869,1.303693836
9393,1.21658,1.35607,1.20951,0.796068974
21730,0.9484,1.05247,1.00238,1.410376925
9192,1.00252,1.12429,1.00509,0.845838778
3992,1.06795,1.12733,1.04297,1.124249646
30633,1.6604,1.70247,1.54014,1.498738639
47992,1.81232,1.94067,1.91094,1.23263749
4832,1.04159,1.18003,1.04601,0.960274878
10838,1.20924,1.33883,1.21727,1.0654023
23950,1.43482,1.45672,1.29712,1.394777416
29040,1.50315,1.51316,1.41987,1.50657328
35338,1.24096,1.36796,1.29022,1.407332402
2815,1.70393,1.64532,1.75848,1.262065004
20880,1.07831,1.10949,0.995464,1.528201876
50231,1.11734,1.05803,1.06088,1.031367064
50007,1.59556,1.63873,1.57544,1.2890721
3572,1.19393,1.3039,1.22883,2.022495476
39038,1.26769,1.27295,1.27062,0.913989371
15392,0.93378,0.951456,0.859848,1.6427352
52144,1.38076,1.47342,1.28463,1.472651177
63126,1.46471,1.55032,1.45955,1.722432493
4401,0.88334,1.06612,0.901886,1.25346231
129,0.5821,0.769974,0.654234,2.393148436
56630,2.02108,1.93967,1.84466,1.199186897
55557,1.33419,1.44513,1.31283,1.92772313
24142,1.74417,1.78885,1.66976,1.367970359
51905,0.95105,0.986839,0.948677,1.710737187
19408,1.32528,1.38834,1.25124,1.161324658
22812,1.35523,1.4098,1.29455,1.564678741
19158,1.57445,1.6266,1.53177,1.254647026
56437,1.38076,1.35797,1.42823,2.155758191
25831,1.48527,1.59242,1.54726,1.34417364
34467,1.06253,1.02907,1.08963,1.13417335
965,0.95028,1.05658,0.998431,1.485909796
8145,1.34378,1.51432,1.33379,2.081691695
44195,1.38076,1.44631,1.31875,1.341092278
18429,1.46954,1.48685,1.53081,1.06149304
21073,1.11458,1.45949,1.25051,1.145302263
56614,1.42948,1.55881,1.33952,1.373683115
1640,1.06569,1.02858,0.962858,1.078129107
64694,2.00054,2.00286,1.93517,1.171042247
63843,1.22832,1.23137,1.21211,1.314460966
62861,1.76087,1.83981,1.71358,1.279340956
23636,1.27029,1.3686,1.21596,2.005202196
19690,1.30729,1.30292,1.22765,1.297514175
20128,1.17191,1.10006,1.15595,1.723873242
27810,1.38076,1.58071,1.31263,1.485365505
33328,1.02494,0.912818,0.935912,1.189157241
65147,2.20642,2.08315,2.20273,1.666189077
33407,1.19983,1.31332,1.34901,1.129991102
24081,1.13946,1.22759,1.17106,1.594835285
11981,1.74349,1.76508,1.60608,1.399894925
24127,1.8976,1.90344,1.90355,1.785005545
53897,0.92098,0.885774,0.969309,1.369768466
26467,1.52527,1.50633,1.4121,1.394097993
4988,1.38076,1.68639,1.58327,1.137184239
35673,1.24616,1.33511,1.27719,1.453257909
52046,1.75082,1.75522,1.58592,1.187305682
20226,1.07903,1.06277,1.13786,1.984724236
30962,1.38076,1.63572,1.4749,1.418174419
61916,1.38076,1.3461,1.32803,0.701991559
38907,1.84123,1.75397,1.80123,0.93609601
5655,1.32105,1.36321,1.26099,1.276001698
6725,1.0448,1.13063,1.0315,1.556804588
52883,1.43413,1.50736,1.39922,1.169210455
43653,1.32271,1.30515,1.22779,1.224222529
57709,1.75845,1.77529,1.66768,1.37763177
34790,1.60429,1.63384,1.57043,1.056456123
43339,0.94936,0.918304,0.985888,1.274393083
31367,1.15238,1.31606,1.26106,0.978720728
45861,1.58543,1.69883,1.55578,1.512934036
22465,1.60912,1.6648,1.5034,1.182131124
45832,1.18264,1.2472,1.13922,0.915409708
21183,1.28968,1.4513,1.4488,1.362094701
60309,1.42874,1.45475,1.30291,1.492799781
57625,1.08124,1.02709,1.00256,1.252718991
29372,1.31665,1.26175,1.20614,1.370899855
41321,1.25559,1.30956,1.12689,1.395194603
49288,0.92104,0.883526,0.803214,1.920794212
33068,1.06227,1.16789,1.0304,1.979372455
31489,1.17426,1.18135,1.08559,1.059813116
40723,1.22022,1.27136,1.19567,1.011564082
65221,1.88939,1.92606,1.81635,1.013643894
58314,1.27106,1.37594,1.25704,1.194128097
4204,0.92031,0.993847,0.958412,1.226634638
47975,1.5413,1.55769,1.45222,1.136626103
20617,0.87663,0.928882,0.935929,1.688830461
53318,1.17782,1.04174,1.03848,1.033958191
31954,1.38076,1.72615,1.4281,2.19759513
17951,1.13566,1.18366,1.04805,1.096255277
36097,1.01598,0.959544,0.981804,1.640386414
42033,0.96355,0.903901,0.964969,1.345538628
48135,1.33295,1.32642,1.22622,0.970373533
48149,1.25946,1.46249,1.28326,1.296183555
13878,1.30671,1.49433,1.30395,1.065823884
41900,1.36251,1.51088,1.30958,0.989995734
5387,1.06386,1.10681,1.06442,1.610327986
13114,1.3048,1.32472,1.15949,0.82969045
48091,1.87201,1.90589,1.84664,1.335995402
17248,0.91567,1.01263,0.865782,1.403444808
32650,1.48813,1.70374,1.52465,1.767575394
44938,1.59375,1.63062,1.54636,1.81533591
60559,1.74839,1.76826,1.66077,1.925034773
65370,2.44107,2.16476,2.37448,1.327392057
45185,1.12561,1.22442,1.1365,1.478891712
55157,1.79851,1.76413,1.7567,0.996704837
49263,1.32384,1.28588,1.24627,1.318944833
55788,1.68393,1.77654,1.65101,1.131312122
36017,1.11308,0.990043,1.00983,1.811742146
8170,1.3384,1.59862,1.47448,0.934088502
28614,1.13753,1.23324,1.16747,1.061005652
62427,1.97307,1.95271,1.98177,1.353697625
3883,1.35271,1.38997,1.24134,1.929773877
21623,1.43287,1.48825,1.48223,1.747143183
64421,1.92131,2.02614,1.88493,0.974882922
18102,1.29868,1.30897,1.26036,1.028045618
8072,1.1168,1.13386,1.07749,0.72269637
37635,1.16018,1.12052,1.04419,1.382280945
17891,1.40806,1.44129,1.35501,1.594444168
12626,1.05252,1.11182,0.959758,1.06359352
10188,1.07797,1.17458,0.98815,1.139836705
4935,1.19928,1.27372,1.12626,1.46727995
11343,1.14569,1.12123,1.17351,0.365312995
22026,1.22294,1.30193,1.24351,1.689850073
29432,1.38076,1.59299,1.55646,1.055964719
5743,1.15856,1.25661,1.28954,0.799755963
42636,1.1359,1.13904,1.0816,1.558486059
9643,1.69783,1.70531,1.70105,1.433636721
27068,1.14815,1.1918,1.11035,1.131023646
44153,1.14684,1.33695,1.21999,2.404659986
38478,1.4927,1.52714,1.47544,1.207602705
62682,1.79645,1.8562,1.75315,1.539835987
36110,1.3343,1.43237,1.31095,2.234754178
24965,0.94869,1.02323,0.963246,1.369753319
57025,1.14739,1.23466,1.22023,0.995002379
40172,1.20195,1.27314,1.21248,1.80301127
61083,1.92103,1.88497,1.72659,1.602263971
22419,1.589,1.70848,1.55071,1.810666755
40162,1.07489,0.983712,1.04841,1.593629541
36883,0.91988,0.841296,0.897217,1.050444243
31754,1.35708,1.37081,1.17546,1.848031797
43562,1.4332,1.50747,1.37832,1.192432799
3623,1.17794,1.19344,1.16759,2.178625926
52056,1.28487,1.27601,1.25538,1.404500862
16487,1.1553,1.12127,1.09034,1.384796824
7604,1.11576,1.309,1.17039,1.467924048
9026,0.91035,0.965072,0.874566,1.84737905
20839,1.35448,1.32174,1.35541,1.283357566
18552,1.0964,1.18888,1.15158,2.05839763
2300,0.98461,1.08296,1.01176,0.837998278
51407,1.35422,1.28321,1.28315,0.985373626
55474,1.47413,1.60745,1.5691,1.163627408
26198,1.28738,1.27603,1.17438,1.038295778
4714,1.2186,1.38112,1.27376,1.903006383
62892,1.80016,1.84766,1.72479,1.358791956
65482,1.83454,1.76037,1.78455,1.288187738
13262,1.16843,1.17644,1.17221,1.015418558
50268,0.95783,1.06721,0.996843,1.297207713
49161,1.01321,0.868744,0.842808,1.031326702
1913,1.11614,1.18203,1.06181,0.854251475
21306,1.10107,1.09446,1.08939,2.00412901
13730,1.21476,1.25481,1.22842,1.349778678
44774,1.58508,1.65195,1.65921,1.388709906
39873,1.08913,1.08589,1.14021,1.204227125
29689,1.69185,1.67669,1.60898,2.009933841
50853,1.14193,1.27527,1.12209,1.939335808
55333,1.04624,1.01141,1.06421,1.550284973
33630,1.68802,1.47464,1.52283,1.535866429
41347,1.04745,1.06977,1.07671,2.11562307
26536,1.07177,1.12834,1.04648,1.490463449
65042,1.56179,1.52858,1.50952,1.01508522
3728,0.93413,1.17859,1.03498,1.199161654
44420,1.19412,1.25791,1.18366,1.162321472
55770,1.72209,1.67921,1.69419,1.1044455
22439,1.71931,1.84841,1.79705,1.164056805
13949,1.76541,1.88325,1.76736,1.382438977
60185,1.34977,1.25042,1.20055,2.478719538
43242,1.36239,1.43228,1.38266,1.242599197
6279,0.94553,0.979978,1.01838,1.31120035
26221,1.15772,1.33042,1.17879,1.19956736
21526,1.3056,1.38011,1.25834,0.850525814
48347,1.6261,1.7506,1.65491,1.415171203
5262,0.91313,0.979716,0.924761,1.569235815
2901,1.31984,1.40813,1.28004,1.289039147
30177,1.80349,1.89758,1.73347,0.790043802
42993,1.73104,1.72494,1.6843,1.656956583
33136,1.06001,1.05261,1.06755,1.315545939
7219,1.05018,1.02512,1.01773,1.327969649
10321,0.86222,0.866291,0.86935,1.035135897
44574,1.53271,1.53864,1.45123,1.320504244
25895,1.69848,1.70507,1.60409,1.264422069
20756,1.07568,1.14246,1.04818,1.324761991
5358,0.95512,1.16864,1.07971,1.477097695
258,0.53653,0.69511,0.703805,0.850026896
27117,1.68811,1.55023,1.56434,1.262099881
8335,1.0952,1.05434,1.03899,1.263706095
4456,1.03527,1.02702,0.916217,1.108036434
15305,1.47327,1.63359,1.3323,1.152580313
2038,1.52872,1.59009,1.57547,1.584125832
37817,1.19894,1.24678,1.20534,1.99639664
55292,2.08409,1.99655,2.17674,1.236585796
15009,1.3195,1.41113,1.16638,1.069051445
8167,1.53485,1.59549,1.57129,1.01520524
4189,1.34678,1.3655,1.34479,1.495181036
19552,0.91019,0.917224,0.894713,1.24877802
22970,1.76318,1.79725,1.73787,1.890278051
62438,1.70855,1.72639,1.58847,1.541097139
58858,1.7407,1.81633,1.74098,1.45298018
23350,1.64261,1.81897,1.7171,1.558490741
1157,0.95022,1.18366,0.983934,1.346028157
28794,1.73022,1.73664,1.64625,1.282066779
36742,1.38076,1.33871,1.25106,1.062471918
44517,2.15377,2.02209,2.00863,1.413039185
45162,1.20131,1.21413,1.17994,1.308064597
54226,1.66622,1.73896,1.66458,1.497132266
19951,1.83244,1.69098,1.88548,1.595096022
4840,1.18492,1.39644,1.19756,2.059427674
57045,1.86436,1.84776,1.93133,1.244691777
12584,1.0313,1.02924,0.88538,1.456778098
19720,1.08521,1.02661,1.04989,1.395585791
12901,1.03528,1.05771,1.03376,1.396766465
51009,0.92845,0.960574,0.998638,1.32650581
55212,1.83471,1.86968,1.73178,1.720567827
3157,1.19666,1.28206,1.20268,1.569814846
43077,0.90904,0.880426,0.876363,1.140082683
37639,1.29395,1.30617,1.23548,0.823326926
33016,1.07107,1.0105,1.08077,1.302238691
1922,0.90662,0.988681,0.919568,1.094162649
36351,1.91524,1.78118,1.9099,1.579606745
24789,1.20106,1.26735,1.10749,1.469042787
44664,1.45632,1.43891,1.30975,2.549714055
34603,1.19548,1.15578,1.10485,1.849651207
31353,1.95834,1.95312,1.93318,1.286770339
53684,1.59121,1.77487,1.56508,1.98729163
42325,1.64905,1.74875,1.60422,1.455787512
32427,1.9868,2.04983,1.9042,1.3577442
18495,1.32393,1.34598,1.399,1.34576072
19769,1.10783,1.14117,1.03474,1.070918949
49971,1.08564,1.05581,0.991913,1.777538297
58172,1.12956,1.22208,1.12665,1.071741645
41432,0.95324,1.04815,0.990113,2.106367934
35475,1.33053,1.41895,1.26607,2.835518048
62235,1.29414,1.37619,1.36789,1.223642032
15756,1.15411,1.09724,1.11531,2.939260815
11818,1.3233,1.42591,1.24142,1.827767741
26702,1.13252,1.16628,1.06544,0.952187787
50756,0.84776,0.866211,0.907501,1.680520459
39373,1.41146,1.44235,1.33725,1.288901429
5991,1.53279,1.63315,1.48338,1.014433986
33902,1.17352,1.17236,1.15678,1.307851816
64553,0.94743,0.957892,1.03682,1.795224288
31911,1.62636,1.67253,1.57926,1.115368355
12401,1.07046,1.10855,1.02514,1.778212646
22152,0.96052,0.950429,0.996184,1.038870631
4035,1.26861,1.27703,1.23145,1.596213476
6329,1.15793,1.17581,1.15343,1.208604795
40071,1.13711,1.16522,1.16484,1.124249655
31913,1.67094,1.57602,1.28863,1.053008394
5024,0.92766,1.11859,0.897628,0.929491508
12113,1.22044,1.40686,1.17399,1.486599176
31072,1.23611,1.28704,1.20552,1.5648431
12336,1.07861,1.09305,0.921713,1.165065515
42168,1.11802,1.15927,1.13182,2.24179146
3591,1.18769,1.26208,1.22257,1.695346039
26901,1.05883,1.14724,1.05738,0.964279065
53433,1.17225,1.09621,1.11001,1.911462785
28446,1.38076,1.54216,1.30062,1.035447481
18031,1.23927,1.24139,1.21794,1.213200675
65317,1.75785,1.73264,1.70463,1.814376057
3518,1.59641,1.61923,1.67837,1.124281186
36570,1.47008,1.47648,1.3779,1.159815658
13547,1.46632,1.61641,1.5012,1.281660653
26092,1.20327,1.28373,1.18773,1.896858314
52498,1.08528,1.29435,1.12128,1.685615458
9891,1.23696,1.3267,1.24641,1.635294172
47253,1.21567,1.15721,1.13775,1.189067734
17391,1.43111,1.46061,1.61819,1.489120154
10163,1.48753,1.57707,1.58913,1.265390758
53210,1.81775,1.81454,1.84695,1.39872925
33983,1.19969,1.04191,1.11573,1.0340156
36345,1.33289,1.40033,1.31327,1.70539607
6653,1.48797,1.4028,1.57172,1.242191703
19406,1.44116,1.41205,1.30425,1.215709703
58558,1.69161,1.71818,1.60595,1.517891019
45302,1.49168,1.57489,1.55746,2.04545976
57986,1.07044,1.11899,1.05485,3.045120657
44572,0.93499,1.01657,1.05707,0.996093128
41848,1.26957,1.436,1.27431,1.299132908
16435,1.06603,1.02799,0.934187,1.896357696
19247,1.49948,1.66727,1.61926,1.530030551
42676,1.48696,1.60597,1.39782,0.760814825
63997,2.12143,2.09374,2.40909,1.0705393
42995,1.75076,1.7467,1.78553,1.081942289
27835,2.00528,1.98617,1.80044,0.911888931
37607,1.46633,1.54383,1.59086,0.975655821
31619,1.15732,1.33177,1.24568,1.106116058
44850,1.35423,1.43571,1.26918,0.697560817
50630,1.11238,1.15631,1.10384,1.803608051
13055,1.73527,1.695,1.88341,1.417971647
16721,1.08276,1.16733,1.04481,1.287187051
56246,2.08887,2.04781,2.05161,1.304331449
57271,2.30625,2.16169,2.64055,1.348392753
52038,1.36083,1.43474,1.18538,0.997433621
44199,1.68336,1.7304,1.72335,1.194541414
38467,1.0291,0.991661,1.05517,1.461454757
21111,1.71493,1.75719,1.74441,1.054079707
34180,0.9792,1.3041,1.10577,0.97612888
399,0.92732,1.04647,0.911633,1.421615282
8501,1.19942,1.38862,1.17671,0.814490788
56692,1.81025,1.84201,1.72206,1.249552845
57370,1.11355,1.05555,1.04416,1.187095647
24221,1.65744,1.65042,1.58101,0.897553115
52483,1.11805,1.00987,1.10521,1.468920601
57488,1.09392,1.06675,0.97686,0.486550002
17932,1.04203,0.993464,0.922444,2.439418224
35141,1.20193,1.22433,1.144,1.208837922
39444,1.01973,1.01243,0.966314,1.460674973
31088,1.53547,1.67355,1.58466,1.92799954
39739,1.52972,1.72314,1.58244,1.134640535
59697,1.38076,1.41105,1.22635,1.469961492
64119,1.94528,1.84667,2.20183,0.995016092
14183,1.51706,1.7238,1.60464,1.401415119
1414,0.90214,0.94764,0.888469,1.279627205
40203,1.11671,1.11082,1.12966,1.481094091
27764,1.28665,1.38643,1.26015,1.170564264
58583,1.80844,1.88718,1.7569,1.030086304
24684,1.11043,1.25493,1.13695,1.325826209
21766,1.07351,1.2275,1.17139,1.78316211
3058,1.32249,1.49775,1.41421,0.924432628
46261,1.77536,1.90669,1.77833,1.874257133
40374,1.67824,1.65773,1.60317,1.431397172
47670,1.60187,1.64136,1.56743,1.255075098
44066,1.17653,1.06725,1.06613,2.00546264
48164,1.21042,1.17716,1.13943,0.944887289
59066,1.38076,1.46042,1.32489,0.969289383
5772,1.01733,0.960394,0.992516,0.953011413
62886,1.74698,1.80121,1.65938,2.109541127
4050,1.19243,1.35634,1.24824,0.98063414
36382,1.27666,1.28506,1.22088,1.846686243
17247,1.3623,1.42214,1.54103,1.580770448
63862,1.9141,1.95939,1.86911,1.435044536
49119,2.34536,2.26835,2.90012,1.194714928
16686,1.0634,1.03924,0.953016,1.020597611
20287,1.81332,1.7462,1.72898,1.360141125
3917,1.59548,1.69313,1.50218,1.552229248
306,0.92301,1.01936,0.87277,0.766420732
16957,0.95912,1.03249,0.955499,1.222124016
9458,1.11082,1.15777,1.20966,1.218018617
6912,0.88406,1.02258,0.953968,1.168243989
50310,1.14693,1.13214,1.01719,1.646004059
58015,1.18264,1.16733,1.14523,0.896865307
47426,0.89879,0.845988,0.914561,1.180642026
6875,1.74056,1.82579,1.76049,1.394042316
63816,1.17479,1.14818,1.17105,1.788073685
27220,1.20655,1.29052,1.12474,1.463967036
5881,1.15056,1.26034,1.36513,1.410842692
13350,0.95722,1.07386,0.946919,2.018626862
13118,1.3485,1.29279,1.19845,1.545178716
7017,1.50579,1.71217,1.4551,1.219245884
19011,1.2024,1.16691,1.05038,0.724504017
4816,1.05068,1.25266,0.996177,1.56290753
61739,1.28534,1.34576,1.26205,1.585092441
33043,0.85148,0.845592,0.869569,1.270508277
16426,0.90504,0.906904,0.821145,0.89239144
63253,1.49842,1.53755,1.44952,1.532818623
29574,0.91753,0.914304,0.94939,1.131188827
63213,2.03899,2.05377,2.14065,1.919429077
50763,1.14473,1.18561,1.11676,1.389506077
37739,1.50163,1.6315,1.49036,1.05414541
56763,1.79062,1.74635,1.762,1.085404527
58144,1.16363,1.04756,1.0969,1.312835247
59423,1.33274,1.4924,1.41789,0.924767782
1122,1.0684,1.00398,0.959251,2.119327022
30358,1.10509,1.35593,1.22959,0.927660296
16242,1.32473,1.50221,1.3982,1.592761114
50931,1.2368,1.25282,1.21461,1.136764721
636,1.17746,1.23262,1.02286,1.233119066
13160,1.08219,1.19532,1.16803,2.282032868
24374,1.78469,1.8964,1.81581,0.983696435
1553,1.01028,0.944223,0.953918,1.140006605
63550,1.81415,1.86611,1.83795,0.669282619
6734,1.11333,1.43342,1.30757,1.161715002
28488,1.26096,1.26358,1.1283,1.110909899
25930,0.9608,1.05946,0.98511,1.810371003
6566,1.03168,1.13057,1.02181,1.443981704
33449,1.02671,1.02819,0.951695,1.491157296
55999,1.97234,1.94592,2.06007,1.558736975
33952,0.89556,0.918519,0.881428,0.950793349
61137,1.66466,1.79937,1.67291,1.649080166
39897,1.70983,1.62827,1.58752,1.300539931
22009,1.60261,1.64922,1.60247,1.090180218
14730,1.19232,1.20833,1.09246,1.358400024
3191,1.11729,1.1649,1.14608,2.05536757
55010,1.44136,1.32415,1.31788,1.423621342
8458,0.82508,0.886927,0.850974,1.00996973
13333,1.30696,1.41803,1.22277,1.236879662
44104,1.20436,1.05615,1.06213,1.182720006
4778,1.25849,1.3285,1.20961,1.283237066
56502,1.68482,1.68844,1.68657,1.22705373
52264,0.92482,0.864607,0.855941,2.175080727
5023,1.21267,1.26844,1.15959,1.222738882
4072,1.30643,1.4459,1.29886,1.603642209
31434,1.69114,1.81874,1.63551,1.044198904
18404,1.30234,1.32713,1.20423,1.49052504
65173,1.79019,1.87829,1.80789,1.018184726
7707,1.47138,1.58169,1.33845,2.292710733
31873,1.09496,1.40667,1.14664,1.480000964
12324,0.8609,0.841785,0.821054,1.102308391
65069,1.52192,1.52186,1.54041,1.274147523
22739,1.38076,1.6231,1.45653,1.313758324
39033,1.11706,1.16035,1.18797,1.566636804
572,0.92765,0.952772,0.917261,1.193746043
54682,1.60106,1.56005,1.52042,1.545330209
63452,1.83598,1.78524,1.74005,1.862929255
53217,1.31372,1.28875,1.20074,1.873162872
13326,1.17294,1.17392,1.02388,1.254714782
53826,1.20521,1.11117,1.17661,1.62166779
61001,1.15766,1.25038,1.23093,1.151093521
46092,0.94137,1.0159,0.973349,1.353680583
14205,1.96554,2.00528,2.0271,1.11702724
8632,1.02501,1.10633,0.927718,1.578028564
27877,1.58018,1.60279,1.5749,1.350643942
35580,1.35272,1.38198,1.36799,1.905013551
62969,2.04867,2.02128,2.20369,1.66800501
14864,0.92902,0.965876,0.893496,1.495420037
9153,0.95135,1.07063,0.936899,1.299241866
4114,0.77307,0.864706,0.857248,1.067227018
16749,1.28635,1.32945,1.18344,1.13998428
4809,1.32725,1.35865,1.10373,1.301222039
55662,1.68497,1.76213,1.64443,0.873408426
13045,1.27884,1.5076,1.3615,1.455555004
56583,1.57562,1.57534,1.47331,1.605478475
44377,1.59543,1.64365,1.49192,1.167529684
58356,1.38076,1.65007,1.42389,1.525696839
3013,1.22128,1.3106,1.19045,0.968172046
4415,1.1059,1.23632,1.21462,1.212978313
28049,1.54113,1.67072,1.37325,1.163184374
24375,2.06692,1.97998,1.93399,1.007887352
50366,1.40731,1.45395,1.26765,0.95598533
20630,1.2021,1.24601,1.16205,1.469696067
35069,1.35604,1.38905,1.37043,1.454805549
29962,1.28917,1.28375,1.23394,1.709453565
60294,1.26514,1.30609,1.19087,1.541077183
65419,2.00813,1.99222,1.91059,1.132190368
46187,1.09095,1.08677,1.10739,0.91710415
38618,1.68894,1.62653,1.68168,1.295798625
27076,1.06066,1.00953,1.01844,0.949312504
18654,1.53955,1.40202,1.37552,1.203555727
13416,1.05964,1.02605,0.976625,1.33865944
61417,1.91737,1.94158,1.94355,1.207650555
56221,1.34994,1.43899,1.37876,1.408715537
40182,1.23564,1.2662,1.24736,0.963382949
5803,1.21046,1.22576,1.2472,1.504577001
1831,1.59491,1.61846,1.5252,1.331320109
60227,1.3201,1.33123,1.26525,1.558381335
64837,1.50929,1.51933,1.44541,1.705051697
53102,1.8967,1.90347,1.77561,1.128945855
56222,1.7714,1.75213,1.6718,1.545158834
14570,1.17886,1.23617,1.18216,1.829967253
60131,1.59896,1.66323,1.64196,0.977245346
48408,1.22707,1.17855,1.15996,0.854410292
22157,1.21775,1.41397,1.20316,2.033183368
20804,1.08027,1.1276,1.08258,1.504850501
63224,1.8304,1.79904,1.82126,1.299931622
11103,1.47832,1.61283,1.6459,1.541759588
43507,1.49383,1.50754,1.52824,1.350579446
46606,1.30931,1.30978,1.27624,0.969055868
5827,1.05932,1.08415,1.12117,1.313345415
17349,1.04534,1.04661,0.969718,1.371559063
14513,1.32446,1.46773,1.29348,1.367346641
10692,1.02103,0.982275,0.948748,0.898217686
30300,1.15526,1.33194,1.2197,1.333106949
39455,1.47413,1.5478,1.51518,1.142840651
36141,1.27344,1.52718,1.26181,1.335864529
35984,1.10591,1.10695,1.04989,1.230217565
31284,1.21913,1.35798,1.2543,1.587633464
13215,1.17085,1.26868,1.1994,1.229270054
50275,1.0593,0.989212,0.995962,1.294029669
52521,0.93717,0.955118,0.999084,1.775862094
30649,1.54177,1.62831,1.41975,2.158131315
38604,1.68422,1.4026,1.30643,1.157427515
25783,1.75137,1.73765,1.61581,1.598655348
16019,1.69355,1.71901,1.51613,0.766515766
49302,0.95149,0.914692,0.903966,1.262332968
50869,1.20287,1.29346,1.14088,1.122310191
49314,1.00916,1.08351,1.01175,1.46206074
58190,1.15847,1.34619,1.24973,1.378682462
6635,1.19752,1.32001,1.22503,1.29477474
39057,1.20132,1.26396,1.12948,1.412363737
47519,1.34401,1.37227,1.39748,1.702829006
35364,1.03576,0.985082,0.942902,0.940167751
63901,1.34455,1.25236,1.3317,1.572332919
5917,1.34461,1.50458,1.2076,1.291752112
5975,1.59296,1.73167,1.67961,1.371455173
17619,1.19527,1.38049,1.17972,1.379474577
7516,1.43687,1.45363,1.29591,0.962388846
5885,1.70065,1.67512,1.7638,1.193474479
17273,1.02639,1.02707,0.933207,1.067895829
2562,0.8766,0.971488,0.954823,1.100393342
62197,1.91854,1.94568,1.9629,1.057211507
8108,1.48911,1.6879,1.45087,1.341526108
58500,1.09579,1.19755,1.17058,1.116122259
36253,1.63341,1.65566,1.5678,2.491904368
22536,0.89631,0.968,0.889414,0.966928518
23792,1.35702,1.40468,1.31553,2.020709754
16323,1.20494,1.296,1.24627,1.827674438
50914,1.32521,1.28575,1.20198,1.421253703
9243,1.05762,1.10948,0.959161,1.566694582
15005,1.06482,1.25905,1.16393,1.483910575
18659,1.08162,1.06603,1.07118,1.404502657
25557,1.30435,1.3662,1.11571,1.387688702
9580,1.20935,1.29174,1.11108,1.138675353
21965,1.64594,1.78784,1.57358,1.390101553
59003,1.48264,1.43392,1.3324,1.517929035
50031,1.67952,1.79068,1.68995,1.076389468
55162,1.9151,1.84112,1.90284,1.542157808
8100,1.21265,1.32718,1.1063,1.152663686
58301,1.5622,1.66539,1.48126,1.254141608
4614,0.86411,0.873962,0.912986,1.425453544
45369,1.28481,1.35638,1.23864,1.294266156
36225,1.14795,1.19994,1.12338,1.433063013
37467,1.52175,1.49066,1.4939,1.231445073
39003,1.17251,1.26303,1.20285,1.501513822
21225,1.39446,1.61577,1.35173,1.521629352
43642,1.64663,1.78347,1.71388,1.331257385
12049,1.05813,1.1236,1.03802,1.497949343
52442,1.67409,1.55351,1.51138,1.217730451
39000,1.38076,1.27755,1.19317,2.109485385
9421,1.32849,1.33507,1.16415,1.84781038
27334,1.34187,1.414,1.23463,0.788770262
49209,1.09624,1.03435,1.00553,0.837243635
37362,1.19597,1.22405,1.18957,1.401893342
42038,1.16342,1.32356,1.1794,1.11687715
17074,1.07572,1.09444,0.990165,1.485664739
13622,1.52794,1.5753,1.51508,2.114537479
17686,1.1869,1.27971,1.08957,1.259197769
64989,2.09527,2.09272,2.18924,1.327659879
4688,1.0375,1.38962,1.05976,1.699974696
22879,1.71948,1.8124,1.85524,1.620011061
65232,1.7825,1.85204,1.80289,1.148977618
5205,1.16215,1.31261,1.29711,0.436784874
43679,1.61055,1.64572,1.56875,1.9931902
21469,1.38076,1.47799,1.37798,2.185750963
46790,1.445,1.4936,1.31491,1.563270366
19662,1.17525,1.18042,1.12701,1.217739007
12004,1.32441,1.39648,1.34306,1.447865567
6105,1.66226,1.73843,1.63226,1.358425838
36145,0.96491,1.06291,1.01461,0.905121432
45774,1.48583,1.63834,1.46424,1.200224776
2233,1.1111,1.10917,1.05307,1.075539825
21671,1.30716,1.45302,1.32521,1.170457373
9375,1.32855,1.38519,1.2603,1.061815782
37659,1.34584,1.36889,1.27999,1.228008893
44936,1.28153,1.25371,1.20712,0.998047815
10007,1.52031,1.63711,1.49873,0.920766076
57236,1.47986,1.51571,1.48059,1.581977698
47245,1.34642,1.30526,1.21449,1.060275748
48835,1.38076,1.54924,1.31214,1.095688635
9764,1.12389,1.25464,1.02298,0.972525202
55158,1.95123,1.8621,1.93584,1.559247169
42750,1.74244,1.72885,1.79617,0.980500683
17052,1.02141,0.952876,0.877916,1.232427054
42076,0.98591,1.05491,0.967373,1.393094662
24693,1.52617,1.51386,1.44421,1.507485291
47051,2.06436,2.09624,1.92286,1.032540343
1278,1.2878,1.25651,1.32492,1.065689601
9563,1.30969,1.53629,1.37614,1.984242369
58101,1.48604,1.67113,1.54545,0.897834415
45247,1.74226,1.76472,1.75113,2.439023452
5201,1.07691,1.14773,1.12908,0.58109148
8264,0.67133,0.759632,0.658159,1.198854683
30133,1.81894,1.91394,1.86554,1.613101692
52183,2.0872,2.00544,1.94764,1.343019802
12497,1.199,1.36872,1.15391,1.527059071
51434,1.42926,1.41295,1.3116,1.437151234
22685,1.30834,1.28067,1.27627,1.062642372
29830,0.92786,1.00228,0.960419,2.312315857
341,1.03925,1.15845,1.12815,1.092804812
50256,1.06751,1.03518,0.972497,1.006488434
20968,1.28668,1.38894,1.21581,1.572554833
38672,1.16044,1.19363,1.06604,1.243034663
16164,1.21169,1.30603,1.10149,1.233165652
27676,0.9354,1.02181,1.0662,1.280125208
62756,1.59139,1.69284,1.51035,1.220785286
49691,1.03182,1.01847,0.96553,1.261451117
1069,0.89862,0.94481,0.84525,1.321811736
18041,1.07898,1.09534,1.04114,0.925487998
29266,1.61227,1.72182,1.52099,1.652210134
2217,1.0251,1.00532,0.932394,1.611700969
15598,1.18822,1.27638,1.22031,1.242860065
16185,1.42888,1.58766,1.4245,1.411417027
31289,1.33465,1.44481,1.40768,1.319057615
17922,0.97458,0.982758,1.02191,1.471181413
12219,1.94491,1.86756,1.91376,1.26735632
31784,0.92546,0.962875,0.96515,1.035294451
63399,2.34381,2.14585,2.34184,1.469238078
17280,0.81723,0.858236,0.800669,1.166811375
35321,1.35977,1.37015,1.30382,1.147840229
20567,1.59308,1.6713,1.61134,1.425875168
48720,1.52922,1.54639,1.3983,0.693258385
44435,1.74678,1.7696,1.67948,1.013792569
9783,1.30671,1.40279,1.24394,0.992348133
892,1.18096,1.19888,1.11056,1.710845796
17806,0.94446,1.05156,0.988567,1.587296415
51376,1.18646,1.23011,1.05439,0.921584526
27314,1.42891,1.59262,1.46593,1.631303442
23302,1.13097,1.16155,1.11538,2.356707647
29251,1.33406,1.35069,1.20318,1.176391954
28528,1.31033,1.35134,1.31065,1.337717348
64642,1.176,1.17579,1.14576,1.177054998
59973,1.20129,1.31488,1.22533,1.069445403
42851,1.17796,1.28705,1.23484,1.016692094
33979,0.94106,0.917693,0.957024,0.911855634
44722,1.48626,1.69346,1.64376,1.28679735
28514,1.38076,1.40125,1.33854,1.784049994
30774,1.34336,1.53749,1.3771,0.977476176
5383,1.10406,1.41337,1.26571,1.022201567
54867,1.13936,1.31402,1.4778,1.028664405
25142,1.17188,1.19139,1.09809,1.148061919
39962,1.11889,1.09512,1.11905,1.494837265
14085,1.38076,1.59643,1.25947,0.784114042
23108,1.21272,1.22399,1.11853,1.203009616
1195,1.10529,1.07691,1.0664,0.905540423
20996,0.83332,0.856844,0.825171,1.113489837
10678,1.11694,1.16725,1.12074,1.2516194
12695,1.08547,1.09639,1.01522,1.64531882
7517,1.61017,1.7021,1.64022,1.556918813
57724,1.4868,1.55819,1.35977,1.654593603
6400,0.81398,0.909321,0.907163,1.408897408
8165,1.48082,1.62366,1.57025,1.433953615
45045,2.60861,2.18295,2.40464,1.447355863
3412,1.06875,1.13443,1.1001,1.17263185
9807,1.35082,1.44177,1.31028,1.587434487
25246,1.08317,1.08351,1.01149,0.822000132
47145,1.03687,1.06488,1.02394,1.086255423
18089,1.02599,1.0826,0.998401,0.864508816
10665,1.3343,1.38368,1.25659,2.043576873
50670,1.76474,1.77686,1.75065,1.572078515
33367,0.93229,1.04108,1.10846,1.168252976
58889,1.08044,0.993541,1.03775,1.06478436
43285,0.9448,1.01124,1.00774,1.369537859
2589,0.95183,1.05197,1.01057,1.530065532
47913,1.57968,1.76534,1.52287,1.360568294
17013,1.22513,1.22528,1.05445,2.30776278
50202,1.0217,0.973345,0.927451,1.617458654
17178,0.99351,1.01467,0.942548,0.781927385
35289,1.3016,1.30665,1.18,2.074807501
52315,1.59475,1.50026,1.38453,3.242700288
13948,1.63546,1.70981,1.57103,1.21782253
55997,1.68767,1.64919,1.60313,1.598587578
45684,1.62188,1.58856,1.59997,0.941275458
42962,1.4856,1.65235,1.55046,1.353376611
50014,1.3096,1.44053,1.41004,1.161337412
51678,1.60386,1.6418,1.55024,1.363153847
16785,0.90411,0.943325,0.923936,1.712977755
30727,1.0026,0.981826,1.10433,1.370113341
14675,0.933,0.968845,0.959833,1.205279794
54999,1.91065,1.81544,1.99057,0.978087932
40634,1.47343,1.58388,1.54556,2.859740293
4661,1.12105,1.21145,1.02493,1.143957125
1001,1.01764,1.09813,1.07661,0.943675809
51106,1.23606,1.47365,1.26093,0.861478678
59826,1.77267,1.92176,1.66748,1.793004859
35423,1.47024,1.51438,1.57051,0.882606094
8508,1.02237,1.04227,0.964701,1.222537752
45005,1.89705,1.93022,1.80315,1.349870437
64959,2.49542,2.31725,3.07984,1.476358489
11878,1.16996,1.12951,1.10372,1.486322584
23466,1.65748,1.77439,1.65081,1.310389242
21127,0.93871,1.05171,1.02167,0.942636822
35564,1.36238,1.61325,1.52121,1.347962504
60673,1.19934,0.997654,1.13815,1.543925589
35495,1.45402,1.48623,1.46098,0.705988077
11880,1.30029,1.50442,1.23606,1.113768508
25699,1.22938,1.33932,1.22849,1.102250116
4662,1.16206,1.21954,1.03047,1.028203529
57278,2.27115,2.18627,2.56199,1.78308974
36658,1.13947,1.21761,1.14724,1.524894589
5546,1.04226,1.23502,1.05841,1.31300372
11668,0.9183,0.939934,0.9235,1.3423492
30553,1.38076,1.72507,1.64103,1.84169693
1482,0.94079,1.02595,0.973645,0.736228423
1483,1.31312,1.37865,1.25012,1.947343254
750,1.32557,1.36748,1.45546,0.970283723
48407,1.56185,1.68137,1.55723,1.296841157
24070,1.30821,1.26912,1.2752,1.424896264
35429,0.93545,0.920594,0.940591,1.04095334
37753,1.34802,1.41035,1.30586,1.157003083
43323,1.46808,1.60368,1.62266,2.170101073
1474,0.86043,0.895388,0.830235,1.57418225
38987,0.95996,1.02086,1.01613,1.219732251
36677,1.24755,1.28503,1.20183,0.919464192
33806,1.0115,0.994148,0.94745,1.057917536
7765,1.43849,1.60525,1.39095,1.346739596
30513,1.22543,1.34731,1.24398,1.394179181
26321,1.13952,1.34532,1.1431,1.38860851
59959,1.68763,1.77646,1.67513,2.300965031
49748,0.85996,0.83104,0.873736,1.302285062
13919,1.78297,1.87873,1.85518,1.594013172
9299,1.02025,1.07582,1.01044,0.83641157
39833,1.28468,1.32077,1.24762,1.195381869
37860,1.6451,1.78642,1.56444,1.632439518
35804,1.15785,1.13399,1.14156,1.747509343
56293,2.07762,1.98232,2.02547,0.876428746
47612,1.71679,1.62582,1.66966,0.944120636
10180,1.1787,1.16512,0.986414,1.207843493
17339,0.94711,1.08196,0.981299,1.239791406
25103,1.1472,1.15764,1.06136,2.633130123
36441,1.15192,1.16732,1.14748,1.09591601
23009,1.21654,1.32095,1.26845,1.534994267
55939,1.24844,1.31757,1.29662,0.928056537
64443,2.05809,2.00477,2.17137,1.98044058
34676,1.31977,1.426,1.25444,1.430268434
5172,1.0364,1.06011,0.934507,1.640424121
32000,1.20459,1.18669,1.13989,1.159858928
55723,1.44193,1.65832,1.56218,1.647805618
46564,1.68254,1.79747,1.64699,1.35106246
11522,1.01659,0.980589,1.01006,1.37488034
21030,0.94234,1.03933,0.96449,1.389923165
28556,1.116,1.14873,1.14072,1.485831484
50896,1.21672,1.13478,1.11337,1.273917191
57263,2.24068,2.12906,2.41427,1.373703842
41549,1.1992,1.14095,1.13607,1.412673626
26520,1.05066,1.0208,0.932398,1.154274605
54252,1.99909,2.01502,1.89273,1.35253244
62550,1.42816,1.45254,1.43878,1.334085942
48868,1.62406,1.68763,1.62704,1.139297629
9210,1.23417,1.32586,1.25869,0.905541655
64338,1.73919,1.67989,1.67566,1.343879562
27054,1.23902,1.35822,1.26448,1.754271969
39731,1.38076,1.52173,1.26083,1.204274952
25821,1.15542,1.38222,1.22506,0.694958356
55531,1.42918,1.43957,1.37806,1.511710055
57818,1.36101,1.39347,1.21342,1.107417303
62848,1.19776,1.16536,1.19833,1.450126747
11046,1.14003,1.12438,1.05258,1.724750355
13996,1.41595,1.57373,1.3442,1.372862645
36741,1.6178,1.52416,1.38245,1.62299204
4867,1.11747,1.24583,0.984406,1.392832575
2309,0.94008,1.0404,1.05229,1.168211607
55172,1.21694,1.23412,1.17159,1.118194432
63162,1.66752,1.68556,1.69875,0.900507237
28500,1.23278,1.33502,1.16023,1.418948893
48678,1.43751,1.30751,1.26994,1.297262713
33696,1.15339,1.31616,1.11967,1.241211226
19436,1.38076,1.45501,1.38921,1.11064771
14323,1.73078,1.76898,1.78104,1.285988727
61587,1.51894,1.46768,1.38776,1.094939289
19438,1.47988,1.70749,1.72121,1.152578563
39612,1.60188,1.6202,1.53839,1.427516221
24260,1.28882,1.21412,1.16326,1.243542273
253,1.29335,1.24792,1.25184,1.241259721
14673,0.9171,0.965723,0.946903,1.28849775
25433,1.14707,1.15605,1.05305,1.679425681
58458,1.30331,1.34769,1.21676,2.355983035
11779,1.19429,1.18885,1.14948,0.974361705
16503,1.33025,1.43206,1.36947,1.076821293
12701,1.04335,1.09335,1.03344,1.190584023
9524,1.21457,1.32536,1.09958,2.512779877
54791,1.53036,1.37951,1.33885,1.471471413
52977,1.17975,1.1648,1.16039,1.84854157
26212,1.30694,1.28099,1.15699,0.810025958
36580,1.30399,1.23923,1.22248,1.220034771
34690,1.04682,1.06603,1.03379,1.398764984
33019,1.17211,1.14572,1.17161,1.164362807
31118,1.14191,1.16009,1.15091,1.9681786
30207,2.09552,2.06308,2.5792,1.320783208
47289,1.58391,1.64927,1.53657,2.259055973
31320,1.68759,1.74931,1.66513,1.419684251
35604,1.05675,0.986826,1.00371,1.821928699
38942,1.23289,1.27544,1.22605,1.027580425
62279,1.44047,1.46543,1.44354,1.184925833
33251,1.21517,1.16024,1.17717,0.767713021
8922,1.14278,1.2318,1.21893,1.152715956
27647,1.946,1.95948,2.13385,1.585100858
38716,1.46813,1.56165,1.34897,1.391944176
62155,1.82085,1.91692,1.75122,1.846461033
25665,1.05429,1.04161,0.944622,1.436313947
16567,1.28857,1.27699,1.24211,1.248096484
10262,0.9036,0.909307,0.949988,1.284285642
29189,1.09298,1.18402,1.04887,1.405028846
1871,1.59036,1.64617,1.59847,1.09594293
32553,1.43803,1.46334,1.32763,0.745255654
53603,1.22763,1.21459,1.21285,1.168851994
51676,1.19574,1.26384,1.21197,1.419070049
16178,1.38076,1.48733,1.24417,1.720042257
50547,1.1992,1.24905,1.27223,1.500827242
19973,1.07508,1.05459,1.10839,1.443285535
8712,0.89225,0.928286,0.81942,1.448745839
13616,1.09205,1.27771,1.11404,1.057279005
50997,1.38076,1.35406,1.24162,1.308410794
47726,1.69429,1.68456,1.6801,1.034478617
3038,1.56647,1.5457,1.52722,2.11681721
36215,1.44613,1.64324,1.59029,1.482988308
27060,1.08555,1.10646,1.06993,1.595539006
9507,1.16916,1.30282,1.18356,1.469598018
19224,0.96694,0.939171,0.965301,1.602741587
31467,2.01178,2.06799,2.11445,1.054693863
14065,1.65839,1.75247,1.67329,2.671276073
30196,1.57081,1.64548,1.6561,1.017943271
62254,1.43279,1.61371,1.47936,1.008002245
31145,1.55131,1.47314,1.40088,0.916720987
33992,1.12191,1.06236,0.961995,1.189865839
45844,0.94468,1.03992,0.963841,1.512446442
55809,0.95421,0.974719,1.01185,1.607212031
17272,0.90102,0.926509,0.897812,0.987579787
189,1.18989,1.18062,1.09665,1.322710232
59081,1.58278,1.63858,1.46113,1.382782633
47041,1.71982,1.76788,1.57485,1.328975777
41554,1.02636,1.09511,1.02732,1.435166359
21622,1.38076,1.42137,1.35416,1.091631007
9071,1.36517,1.41895,1.54563,1.356383716
57784,1.38076,1.33239,1.16727,1.57831597
37402,1.20083,1.15165,1.08931,1.044740655
45350,1.21393,1.29424,1.23286,1.005451143
43259,1.58739,1.6425,1.66288,1.443228601
41876,1.02544,0.985819,0.960234,1.020537903
23077,1.05254,1.14368,1.14683,1.097535507
40740,1.32991,1.42643,1.25796,1.111280664
586,0.95147,1.17652,1.00337,1.524815213
57990,1.04332,1.03349,1.02926,1.86125471
18322,1.06375,1.16596,1.01424,1.17274008
52045,1.61072,1.63861,1.4808,1.292563007
5459,1.14799,1.21721,1.04717,0.927844765
58405,1.19356,1.23519,1.20755,0.951713227
20793,0.91081,0.924885,0.909222,1.347488557
10251,0.86521,0.882734,0.985728,1.063482222
38628,1.14926,1.22844,1.24636,1.180690565
57475,1.02203,1.19896,1.07321,1.738964307
42440,0.94478,1.04498,1.01787,1.659395608
55740,1.73113,1.79358,1.667,1.13008959
13787,1.68502,1.77026,1.75357,1.589909015
28803,0.94204,1.01232,1.00796,2.59166907
16127,2.13495,2.05363,2.78459,1.573537297
54518,1.59962,1.57574,1.58952,1.216828895
20229,1.32321,1.32559,1.25412,1.14500936
5860,1.05585,1.04903,1.1506,1.015459942
2418,1.10346,1.25838,1.09591,1.015481008
50212,1.09825,0.968423,0.935565,2.175138679
51198,1.94295,1.90118,1.96625,1.490402768
58491,1.42835,1.43522,1.36198,1.696075266
63107,1.61326,1.64509,1.51543,0.959039474
12480,1.02577,0.990378,0.946691,0.874326841
25330,1.33308,1.39649,1.23129,1.378100469
14457,1.32137,1.33485,1.213,1.34869579
59109,1.7313,1.70794,1.61336,1.792901039
40553,1.21266,1.14213,1.13821,1.173898857
61978,1.21198,1.21017,1.20676,1.322373654
24780,0.97644,0.982453,0.900932,1.03441894
31496,1.32482,1.33143,1.18732,1.353692872
29347,1.32795,1.48106,1.35041,1.337865312
39646,1.77727,1.78955,1.78379,1.817846145
63470,2.13049,2.16281,2.43,2.593308606
60671,2.12179,2.05402,2.26194,1.46034923
49450,1.05301,1.03257,0.975609,2.606206846
57303,2.22136,2.07709,2.72199,1.155208262
12082,1.09579,1.33058,1.12428,2.732401661
50070,1.06818,1.14052,1.03259,1.100624655
49392,1.16626,1.25371,1.13851,1.087970329
22176,1.17618,1.27166,1.19412,1.284600318
25050,1.06408,1.13363,0.980437,1.024379528
7343,1.14004,1.17935,1.17717,0.961274615
52773,1.00356,0.970589,0.991873,1.210295603
33872,0.86098,0.899382,0.834018,0.97828176
